"","PROLIFIC_PID","condition","event_set1_marginal","event_set1_conjunction","event_set1_disjunction","event_set1_order","event_set2_marginal","event_set2_conjunction","event_set2_disjunction","event_set2_order","event_set3_marginal","event_set3_conjunction","event_set3_disjunction","event_set3_order","event_set4_marginal","event_set4_conjunction","event_set4_disjunction","event_set4_order","event_set5_marginal","event_set5_conjunction","event_set5_disjunction","event_set5_order","event_set6_marginal","event_set6_conjunction","event_set6_disjunction","event_set6_order","event_set7_marginal","event_set7_conjunction","event_set7_disjunction","event_set7_order","event_set8_marginal","event_set8_conjunction","event_set8_disjunction","event_set8_order","numeracy_score","response_time","strat_1","Strat_2"
"1","5e5e7e47af84e81a6ddb2a8c","pair","2 _ 3 _ 1 _ 4","1 _ 3 _ 2 _ 4","3 _ 2 _ 1 _ 4","marginal_disjunction_conjunction","NA _ NA _ NA _ NA"," _  _  _ "," _  _  _ ","-","NA _ NA _ NA _ NA"," _  _  _ "," _  _  _ ","-","2 _ 3 _ 4 _ 1","3 _ 1 _ 4 _ 2","2 _ 1 _ 3 _ 4","disjunction_conjunction_marginal","NA _ NA _ NA _ NA"," _  _  _ "," _  _  _ ","-","4 _ 1 _ 3 _ 2","4 _ 2 _ 3 _ 1","4 _ 2 _ 3 _ 1","conjunction_disjunction_marginal","3 _ 2 _ 4 _ 1","4 _ 1 _ 3 _ 2","4 _ 1 _ 2 _ 3","disjunction_marginal_conjunction","NA _ NA _ NA _ NA"," _  _  _ "," _  _  _ ","-",4,"746","Imagine the likelihood of occurrence for each event on a probability scale from 0% to 100%.","Think about more than two events at the same time and come up with rankings for these events simultaneously. Sort out the full rankings based on these rankings."
"2","5f204cc6ada2af19cfce3568","pair","NA _ NA _ NA _ NA"," _  _  _ "," _  _  _ ","-","2 _ 3 _ 1 _ 4","2 _ 3 _ 1 _ 4","2 _ 3 _ 1 _ 4","marginal_conjunction_disjunction","2 _ 3 _ 1 _ 4","2 _ 3 _ 4 _ 1","3 _ 2 _ 1 _ 4","marginal_conjunction_disjunction","NA _ NA _ NA _ NA"," _  _  _ "," _  _  _ ","-","4 _ 1 _ 3 _ 2","4 _ 1 _ 3 _ 2","4 _ 3 _ 2 _ 1","marginal_conjunction_disjunction","NA _ NA _ NA _ NA"," _  _  _ "," _  _  _ ","-","NA _ NA _ NA _ NA"," _  _  _ "," _  _  _ ","-","1 _ 4 _ 2 _ 3","4 _ 1 _ 2 _ 3","1 _ 4 _ 2 _ 3","conjunction_disjunction_marginal",2,"928","Recall or imagine the frequencies of occurrence for each event within some timescale (e.g., twice per year).,Imagine the likelihood of occurrence for each event on a vague probability scale (e.g., very likely, somewhat likely, not likely).","Think about more than two events at the same time and come up with rankings for these events simultaneously. Sort out the full rankings based on these rankings.,Think about all events at the same time, and then come up with a full ranking simultaneously."
"3","5cebae5b2e4f1700012a915a","pair","NA _ NA _ NA _ NA"," _  _  _ "," _  _  _ ","-","2 _ 3 _ 4 _ 1","3 _ 1 _ 4 _ 2","1 _ 2 _ 3 _ 4","disjunction_conjunction_marginal","3 _ 2 _ 4 _ 1","4 _ 1 _ 3 _ 2","3 _ 4 _ 2 _ 1","disjunction_marginal_conjunction","NA _ NA _ NA _ NA"," _  _  _ "," _  _  _ ","-","2 _ 3 _ 1 _ 4","2 _ 1 _ 3 _ 4","3 _ 4 _ 2 _ 1","conjunction_marginal_disjunction","3 _ 2 _ 4 _ 1","2 _ 3 _ 4 _ 1","2 _ 3 _ 4 _ 1","disjunction_conjunction_marginal","NA _ NA _ NA _ NA"," _  _  _ "," _  _  _ ","-","NA _ NA _ NA _ NA"," _  _  _ "," _  _  _ ","-",3,"1007","Imagine the likelihood of occurrence for each event on a probability scale from 0% to 100%.,Imagine the likelihood of occurrence for each event on a vague probability scale (e.g., very likely, somewhat likely, not likely).","Think about more than two events at the same time and come up with rankings for these events simultaneously. Sort out the full rankings based on these rankings.,Think about all events at the same time, and then come up with a full ranking simultaneously."
"4","5ebd69cfb6b9b70571a22c00","full"," _  _  _ "," _  _  _ "," _  _  _ ","-","1 _ 3 _ 4 _ 2","3 _ 1 _ 4 _ 2","1 _ 2 _ 4 _ 3","conjunction_disjunction_marginal"," _  _  _ "," _  _  _ "," _  _  _ ","-","1 _ 4 _ 3 _ 2","2 _ 1 _ 4 _ 3","2 _ 1 _ 4 _ 3","marginal_disjunction_conjunction","_","_","_","-"," _  _  _ "," _  _  _ "," _  _  _ ","-","3 _ 1 _ 4 _ 2","4 _ 2 _ 3 _ 1","4 _ 2 _ 3 _ 1","conjunction_marginal_disjunction","2 _ 3 _ 1 _ 4","1 _ 3 _ 2 _ 4","1 _ 3 _ 2 _ 4","marginal_disjunction_conjunction",6,"1036","Imagine the likelihood of occurrence for each event on a probability scale from 0% to 100%.,Recall or imagine the frequencies of occurrence for each event within some timescale (e.g., twice per year).,Imagine the likelihood of occurrence for each event on a vague probability scale (e.g., very likely, somewhat likely, not likely).","Think about all events at the same time, and then come up with a full ranking simultaneously."
"5","5f03830b106061590be0005f","full"," _  _  _ "," _  _  _ "," _  _  _ ","-"," _  _  _ "," _  _  _ "," _  _  _ ","-","4 _ 1 _ 3 _ 2","3 _ 4 _ 2 _ 1","4 _ 3 _ 2 _ 1","conjunction_disjunction_marginal","1 _ 3 _ 4 _ 2","2 _ 1 _ 4 _ 3","1 _ 2 _ 4 _ 3","conjunction_disjunction_marginal","_","_","_","-"," _  _  _ "," _  _  _ "," _  _  _ ","-","2 _ 4 _ 3 _ 1","2 _ 1 _ 3 _ 4","1 _ 3 _ 2 _ 4","marginal_conjunction_disjunction","1 _ 4 _ 2 _ 3","1 _ 2 _ 3 _ 4","2 _ 1 _ 4 _ 3","disjunction_conjunction_marginal",6,"1076","Recall or imagine the frequencies of occurrence for each event within some timescale (e.g., twice per year).,Imagine the likelihood of occurrence for each event on a vague probability scale (e.g., very likely, somewhat likely, not likely).","Pick two events from the provide­­d sets of events and perform a pairwise comparison. Sort out the full ranking from a series of pairwise comparison results.,Think about more than two events at the same time and come up with rankings for these events simultaneously. Sort out the full rankings based on these rankings."
"6","5f1d2a172171f8619f792aa4","pair","1 _ 4 _ 2 _ 3","4 _ 3 _ 1 _ 2","4 _ 3 _ 2 _ 1","marginal_conjunction_disjunction","NA _ NA _ NA _ NA"," _  _  _ "," _  _  _ ","-","NA _ NA _ NA _ NA"," _  _  _ "," _  _  _ ","-","1 _ 4 _ 2 _ 3","2 _ 3 _ 4 _ 1","4 _ 1 _ 2 _ 3","conjunction_disjunction_marginal","NA _ NA _ NA _ NA"," _  _  _ "," _  _  _ ","-","NA _ NA _ NA _ NA"," _  _  _ "," _  _  _ ","-","3 _ 2 _ 1 _ 4","4 _ 3 _ 2 _ 1","4 _ 3 _ 2 _ 1","marginal_conjunction_disjunction","1 _ 4 _ 2 _ 3","1 _ 4 _ 2 _ 3","3 _ 4 _ 2 _ 1","disjunction_marginal_conjunction",6,"1034","Imagine the likelihood of occurrence for each event on a probability scale from 0% to 100%.","Think about all events at the same time, and then come up with a full ranking simultaneously."
"7","5ca333ab8001d50001c68a29","full","2 _ 4 _ 1 _ 3","1 _ 3 _ 2 _ 4","2 _ 3 _ 1 _ 4","conjunction_marginal_disjunction"," _  _  _ "," _  _  _ "," _  _  _ ","-"," _  _  _ "," _  _  _ "," _  _  _ ","-","2 _ 3 _ 4 _ 1","4 _ 1 _ 3 _ 2","1 _ 3 _ 2 _ 4","disjunction_marginal_conjunction","_","_","_","-","4 _ 1 _ 3 _ 2","3 _ 4 _ 2 _ 1","3 _ 4 _ 2 _ 1","marginal_disjunction_conjunction"," _  _  _ "," _  _  _ "," _  _  _ ","-"," _  _  _ "," _  _  _ "," _  _  _ ","-",4,"1339","Imagine the likelihood of occurrence for each event on a probability scale from 0% to 100%.,Recall or imagine the frequencies of occurrence for each event within some timescale (e.g., twice per year).,Imagine the likelihood of occurrence for each event on a vague probability scale (e.g., very likely, somewhat likely, not likely).","Pick two events from the provide­­d sets of events and perform a pairwise comparison. Sort out the full ranking from a series of pairwise comparison results.,Think about more than two events at the same time and come up with rankings for these events simultaneously. Sort out the full rankings based on these rankings."
"8","5f0f1b669bc146057bb2a2a3","pair","NA _ NA _ NA _ NA"," _  _  _ "," _  _  _ ","-","3 _ 2 _ 1 _ 4","4 _ 2 _ 1 _ 3","4 _ 2 _ 3 _ 1","disjunction_conjunction_marginal","4 _ 1 _ 3 _ 2","2 _ 4 _ 1 _ 3","2 _ 1 _ 3 _ 4","marginal_conjunction_disjunction","NA _ NA _ NA _ NA"," _  _  _ "," _  _  _ ","-","NA _ NA _ NA _ NA"," _  _  _ "," _  _  _ ","-","NA _ NA _ NA _ NA"," _  _  _ "," _  _  _ ","-","4 _ 1 _ 3 _ 2","1 _ 3 _ 2 _ 4","1 _ 2 _ 3 _ 4","marginal_disjunction_conjunction","4 _ 1 _ 2 _ 3","1 _ 2 _ 4 _ 3","1 _ 2 _ 4 _ 3","marginal_conjunction_disjunction",6,"1222","Imagine the likelihood of occurrence for each event on a vague probability scale (e.g., very likely, somewhat likely, not likely).","Pick two events from the provide­­d sets of events and perform a pairwise comparison. Sort out the full ranking from a series of pairwise comparison results."
"9","5d970d28fa86b600170d9a26","full"," _  _  _ "," _  _  _ "," _  _  _ ","-","2 _ 3 _ 1 _ 4","1 _ 2 _ 3 _ 4","2 _ 3 _ 1 _ 4","disjunction_marginal_conjunction","4 _ 2 _ 1 _ 3","1 _ 2 _ 3 _ 4","2 _ 4 _ 3 _ 1","disjunction_marginal_conjunction"," _  _  _ "," _  _  _ "," _  _  _ ","-","_","_","_","-"," _  _  _ "," _  _  _ "," _  _  _ ","-"," _  _  _ "," _  _  _ "," _  _  _ ","-","4 _ 2 _ 1 _ 3","2 _ 3 _ 1 _ 4","2 _ 3 _ 4 _ 1","disjunction_conjunction_marginal",1,"2481","Imagine the likelihood of occurrence for each event on a probability scale from 0% to 100%.","Think about more than two events at the same time and come up with rankings for these events simultaneously. Sort out the full rankings based on these rankings."
"10","5ba4e5c0236c690001d2b3ca","full","1 _ 4 _ 2 _ 3","2 _ 1 _ 3 _ 4","1 _ 2 _ 3 _ 4","conjunction_marginal_disjunction"," _  _  _ "," _  _  _ "," _  _  _ ","-","4 _ 1 _ 3 _ 2","4 _ 3 _ 2 _ 1","4 _ 3 _ 2 _ 1","conjunction_marginal_disjunction"," _  _  _ "," _  _  _ "," _  _  _ ","-","_","_","_","-","3 _ 1 _ 4 _ 2","4 _ 2 _ 3 _ 1","3 _ 2 _ 4 _ 1","disjunction_conjunction_marginal","1 _ 4 _ 2 _ 3","1 _ 2 _ 3 _ 4","1 _ 3 _ 2 _ 4","marginal_conjunction_disjunction"," _  _  _ "," _  _  _ "," _  _  _ ","-",7,"691","Imagine the likelihood of occurrence for each event on a vague probability scale (e.g., very likely, somewhat likely, not likely).","Think about more than two events at the same time and come up with rankings for these events simultaneously. Sort out the full rankings based on these rankings.,Think about all events at the same time, and then come up with a full ranking simultaneously."
"11","5c87664ee0da6500178fe09f","full"," _  _  _ "," _  _  _ "," _  _  _ ","-"," _  _  _ "," _  _  _ "," _  _  _ ","-","3 _ 2 _ 4 _ 1","3 _ 4 _ 1 _ 2","3 _ 1 _ 4 _ 2","disjunction_conjunction_marginal","4 _ 1 _ 2 _ 3","4 _ 1 _ 2 _ 3","2 _ 3 _ 4 _ 1","marginal_conjunction_disjunction","_","_","_","-"," _  _  _ "," _  _  _ "," _  _  _ ","-"," _  _  _ "," _  _  _ "," _  _  _ ","-","1 _ 3 _ 4 _ 2","4 _ 1 _ 2 _ 3","4 _ 2 _ 1 _ 3","marginal_disjunction_conjunction",1,"275","Imagine the likelihood of occurrence for each event on a probability scale from 0% to 100%.","Think about more than two events at the same time and come up with rankings for these events simultaneously. Sort out the full rankings based on these rankings."
"12","5f1191325311bf011ab9d260","pair","3 _ 2 _ 1 _ 4","4 _ 3 _ 1 _ 2","2 _ 4 _ 3 _ 1","marginal_conjunction_disjunction","3 _ 2 _ 4 _ 1","3 _ 2 _ 4 _ 1","4 _ 2 _ 3 _ 1","marginal_disjunction_conjunction","NA _ NA _ NA _ NA"," _  _  _ "," _  _  _ ","-","NA _ NA _ NA _ NA"," _  _  _ "," _  _  _ ","-","NA _ NA _ NA _ NA"," _  _  _ "," _  _  _ ","-","4 _ 1 _ 3 _ 2","4 _ 3 _ 2 _ 1","4 _ 2 _ 3 _ 1","marginal_disjunction_conjunction","1 _ 4 _ 2 _ 3","1 _ 2 _ 4 _ 3","1 _ 3 _ 2 _ 4","conjunction_disjunction_marginal","NA _ NA _ NA _ NA"," _  _  _ "," _  _  _ ","-",4,"423","Imagine the likelihood of occurrence for each event on a vague probability scale (e.g., very likely, somewhat likely, not likely).","Think about more than two events at the same time and come up with rankings for these events simultaneously. Sort out the full rankings based on these rankings."
"13","5f225b3a4154037134135f6e","pair","3 _ 2 _ 4 _ 1","4 _ 2 _ 3 _ 1","1 _ 2 _ 3 _ 4","conjunction_disjunction_marginal","2 _ 3 _ 4 _ 1","3 _ 2 _ 4 _ 1","2 _ 3 _ 4 _ 1","conjunction_disjunction_marginal","NA _ NA _ NA _ NA"," _  _  _ "," _  _  _ ","-","NA _ NA _ NA _ NA"," _  _  _ "," _  _  _ ","-","NA _ NA _ NA _ NA"," _  _  _ "," _  _  _ ","-","NA _ NA _ NA _ NA"," _  _  _ "," _  _  _ ","-","2 _ 3 _ 1 _ 4","2 _ 1 _ 4 _ 3","4 _ 3 _ 1 _ 2","conjunction_disjunction_marginal","1 _ 4 _ 3 _ 2","2 _ 1 _ 3 _ 4","2 _ 1 _ 3 _ 4","disjunction_marginal_conjunction",4,"732","Imagine the likelihood of occurrence for each event on a probability scale from 0% to 100%.,Imagine the likelihood of occurrence for each event on a vague probability scale (e.g., very likely, somewhat likely, not likely).","Pick two events from the provide­­d sets of events and perform a pairwise comparison. Sort out the full ranking from a series of pairwise comparison results.,Think about more than two events at the same time and come up with rankings for these events simultaneously. Sort out the full rankings based on these rankings."
"14","55ad6781fdf99b649ca5a53f","full"," _  _  _ "," _  _  _ "," _  _  _ ","-","1 _ 3 _ 4 _ 2","3 _ 1 _ 4 _ 2","2 _ 1 _ 4 _ 3","marginal_disjunction_conjunction","4 _ 1 _ 3 _ 2","4 _ 3 _ 2 _ 1","4 _ 2 _ 3 _ 1","disjunction_marginal_conjunction"," _  _  _ "," _  _  _ "," _  _  _ ","-","_","_","_","-","4 _ 1 _ 3 _ 2","4 _ 3 _ 2 _ 1","4 _ 3 _ 2 _ 1","conjunction_marginal_disjunction"," _  _  _ "," _  _  _ "," _  _  _ ","-","2 _ 3 _ 1 _ 4","1 _ 3 _ 2 _ 4","1 _ 3 _ 2 _ 4","disjunction_marginal_conjunction",6,"546","Imagine the likelihood of occurrence for each event on a vague probability scale (e.g., very likely, somewhat likely, not likely).","Think about all events at the same time, and then come up with a full ranking simultaneously."
"15","5f219eec027b285891c7b273","pair","1 _ 4 _ 3 _ 2","4 _ 1 _ 2 _ 3","4 _ 1 _ 3 _ 2","disjunction_conjunction_marginal","1 _ 4 _ 3 _ 2","4 _ 1 _ 3 _ 2","3 _ 1 _ 4 _ 2","disjunction_conjunction_marginal","NA _ NA _ NA _ NA"," _  _  _ "," _  _  _ ","-","NA _ NA _ NA _ NA"," _  _  _ "," _  _  _ ","-","3 _ 2 _ 4 _ 1","4 _ 3 _ 2 _ 1","3 _ 4 _ 2 _ 1","marginal_disjunction_conjunction","3 _ 2 _ 4 _ 1","4 _ 3 _ 2 _ 1","4 _ 3 _ 2 _ 1","disjunction_marginal_conjunction","NA _ NA _ NA _ NA"," _  _  _ "," _  _  _ ","-","NA _ NA _ NA _ NA"," _  _  _ "," _  _  _ ","-",3,"834","Imagine the likelihood of occurrence for each event on a probability scale from 0% to 100%.,Imagine the likelihood of occurrence for each event on a vague probability scale (e.g., very likely, somewhat likely, not likely).","Pick two events from the provide­­d sets of events and perform a pairwise comparison. Sort out the full ranking from a series of pairwise comparison results."
"16","5ae194995f327e0001fbb23e","pair","NA _ NA _ NA _ NA"," _  _  _ "," _  _  _ ","-","NA _ NA _ NA _ NA"," _  _  _ "," _  _  _ ","-","3 _ 2 _ 1 _ 4","4 _ 3 _ 2 _ 1","2 _ 3 _ 1 _ 4","marginal_conjunction_disjunction","1 _ 4 _ 3 _ 2","4 _ 1 _ 2 _ 3","2 _ 1 _ 4 _ 3","conjunction_marginal_disjunction","4 _ 1 _ 3 _ 2","4 _ 3 _ 2 _ 1","3 _ 2 _ 4 _ 1","disjunction_conjunction_marginal","4 _ 1 _ 2 _ 3","4 _ 2 _ 3 _ 1","4 _ 2 _ 3 _ 1","conjunction_marginal_disjunction","NA _ NA _ NA _ NA"," _  _  _ "," _  _  _ ","-","NA _ NA _ NA _ NA"," _  _  _ "," _  _  _ ","-",3,"630","Imagine the likelihood of occurrence for each event on a vague probability scale (e.g., very likely, somewhat likely, not likely).","Pick two events from the provide­­d sets of events and perform a pairwise comparison. Sort out the full ranking from a series of pairwise comparison results."
"17","5f2197addaf3ae0bc4dafc4a","full","1 _ 2 _ 4 _ 3","1 _ 3 _ 4 _ 2","4 _ 2 _ 3 _ 1","disjunction_conjunction_marginal"," _  _  _ "," _  _  _ "," _  _  _ ","-"," _  _  _ "," _  _  _ "," _  _  _ ","-","1 _ 3 _ 4 _ 2","3 _ 1 _ 4 _ 2","1 _ 2 _ 4 _ 3","disjunction_marginal_conjunction","_","_","_","-"," _  _  _ "," _  _  _ "," _  _  _ ","-","3 _ 2 _ 4 _ 1","3 _ 4 _ 2 _ 1","4 _ 3 _ 1 _ 2","disjunction_marginal_conjunction","4 _ 1 _ 2 _ 3","2 _ 3 _ 1 _ 4","2 _ 3 _ 1 _ 4","marginal_disjunction_conjunction",3,"539","Recall or imagine the frequencies of occurrence for each event within some timescale (e.g., twice per year).","Think about more than two events at the same time and come up with rankings for these events simultaneously. Sort out the full rankings based on these rankings."
"18","5d53d8685a0bf40019bb0e8e","pair","1 _ 4 _ 3 _ 2","1 _ 2 _ 3 _ 4","1 _ 3 _ 2 _ 4","marginal_disjunction_conjunction","2 _ 3 _ 4 _ 1","4 _ 1 _ 3 _ 2","4 _ 1 _ 3 _ 2","disjunction_marginal_conjunction","NA _ NA _ NA _ NA"," _  _  _ "," _  _  _ ","-","NA _ NA _ NA _ NA"," _  _  _ "," _  _  _ ","-","1 _ 4 _ 3 _ 2","2 _ 1 _ 4 _ 3","2 _ 1 _ 4 _ 3","marginal_conjunction_disjunction","NA _ NA _ NA _ NA"," _  _  _ "," _  _  _ ","-","2 _ 3 _ 4 _ 1","1 _ 2 _ 4 _ 3","2 _ 1 _ 4 _ 3","marginal_conjunction_disjunction","NA _ NA _ NA _ NA"," _  _  _ "," _  _  _ ","-",3,"587","Recall or imagine the frequencies of occurrence for each event within some timescale (e.g., twice per year).,Imagine the likelihood of occurrence for each event on a vague probability scale (e.g., very likely, somewhat likely, not likely).","Pick two events from the provide­­d sets of events and perform a pairwise comparison. Sort out the full ranking from a series of pairwise comparison results."
"19","5e518637f728911b666282e6","full","1 _ 4 _ 2 _ 3","1 _ 2 _ 3 _ 4","1 _ 3 _ 2 _ 4","disjunction_marginal_conjunction"," _  _  _ "," _  _  _ "," _  _  _ ","-"," _  _  _ "," _  _  _ "," _  _  _ ","-","1 _ 2 _ 3 _ 4","2 _ 1 _ 4 _ 3","2 _ 3 _ 4 _ 1","disjunction_conjunction_marginal","_","_","_","-","3 _ 1 _ 2 _ 4","4 _ 2 _ 3 _ 1","4 _ 3 _ 2 _ 1","conjunction_disjunction_marginal","1 _ 4 _ 3 _ 2","1 _ 2 _ 4 _ 3","2 _ 1 _ 4 _ 3","marginal_disjunction_conjunction"," _  _  _ "," _  _  _ "," _  _  _ ","-",2,"604","Imagine the likelihood of occurrence for each event on a probability scale from 0% to 100%.","Think about more than two events at the same time and come up with rankings for these events simultaneously. Sort out the full rankings based on these rankings."
"20","5f1204b624fdfb11ceaf88ae","full","1 _ 4 _ 2 _ 3","1 _ 2 _ 3 _ 4","1 _ 2 _ 3 _ 4","marginal_disjunction_conjunction","1 _ 4 _ 2 _ 3","1 _ 2 _ 3 _ 4","1 _ 2 _ 3 _ 4","conjunction_marginal_disjunction"," _  _  _ "," _  _  _ "," _  _  _ ","-"," _  _  _ "," _  _  _ "," _  _  _ ","-","_","_","_","-","1 _ 4 _ 2 _ 3","1 _ 2 _ 4 _ 3","1 _ 4 _ 2 _ 3","marginal_disjunction_conjunction","3 _ 2 _ 4 _ 1","4 _ 1 _ 3 _ 2","3 _ 2 _ 4 _ 1","disjunction_conjunction_marginal"," _  _  _ "," _  _  _ "," _  _  _ ","-",4,"898","Imagine the likelihood of occurrence for each event on a probability scale from 0% to 100%.","Pick two events from the provide­­d sets of events and perform a pairwise comparison. Sort out the full ranking from a series of pairwise comparison results."
"21","5eaeb8b513f83a57d35db285","pair","2 _ 3 _ 1 _ 4","1 _ 3 _ 2 _ 4","1 _ 3 _ 2 _ 4","conjunction_disjunction_marginal","NA _ NA _ NA _ NA"," _  _  _ "," _  _  _ ","-","3 _ 2 _ 4 _ 1","3 _ 1 _ 4 _ 2","4 _ 2 _ 3 _ 1","conjunction_marginal_disjunction","NA _ NA _ NA _ NA"," _  _  _ "," _  _  _ ","-","3 _ 2 _ 4 _ 1","3 _ 1 _ 4 _ 2","3 _ 1 _ 4 _ 2","conjunction_disjunction_marginal","NA _ NA _ NA _ NA"," _  _  _ "," _  _  _ ","-","NA _ NA _ NA _ NA"," _  _  _ "," _  _  _ ","-","1 _ 4 _ 2 _ 3","1 _ 2 _ 3 _ 4","2 _ 1 _ 3 _ 4","marginal_disjunction_conjunction",6,"808","Imagine the likelihood of occurrence for each event on a probability scale from 0% to 100%.,Imagine the likelihood of occurrence for each event on a vague probability scale (e.g., very likely, somewhat likely, not likely).","Pick two events from the provide­­d sets of events and perform a pairwise comparison. Sort out the full ranking from a series of pairwise comparison results.,Think about all events at the same time, and then come up with a full ranking simultaneously."
"22","5ed0e06ac51bdc1cdf5be509","pair","NA _ NA _ NA _ NA"," _  _  _ "," _  _  _ ","-","NA _ NA _ NA _ NA"," _  _  _ "," _  _  _ ","-","4 _ 1 _ 3 _ 2","4 _ 1 _ 3 _ 2","4 _ 3 _ 2 _ 1","conjunction_marginal_disjunction","2 _ 3 _ 4 _ 1","2 _ 1 _ 4 _ 3","3 _ 1 _ 4 _ 2","conjunction_marginal_disjunction","NA _ NA _ NA _ NA"," _  _  _ "," _  _  _ ","-","4 _ 1 _ 3 _ 2","4 _ 2 _ 3 _ 1","4 _ 3 _ 2 _ 1","marginal_disjunction_conjunction","1 _ 4 _ 3 _ 2","2 _ 1 _ 4 _ 3","2 _ 1 _ 4 _ 3","disjunction_conjunction_marginal","NA _ NA _ NA _ NA"," _  _  _ "," _  _  _ ","-",5,"975","Imagine the likelihood of occurrence for each event on a vague probability scale (e.g., very likely, somewhat likely, not likely).","Think about all events at the same time, and then come up with a full ranking simultaneously."
"23","5f21aa322841bb5b33ed0905","full"," _  _  _ "," _  _  _ "," _  _  _ ","-","1 _ 3 _ 2 _ 4","1 _ 4 _ 2 _ 3","1 _ 2 _ 3 _ 4","conjunction_disjunction_marginal"," _  _  _ "," _  _  _ "," _  _  _ ","-","1 _ 3 _ 2 _ 4","1 _ 3 _ 2 _ 4","3 _ 1 _ 2 _ 4","disjunction_marginal_conjunction","_","_","_","-"," _  _  _ "," _  _  _ "," _  _  _ ","-"," _  _  _ "," _  _  _ "," _  _  _ ","-","1 _ 4 _ 3 _ 2","2 _ 4 _ 3 _ 1","2 _ 4 _ 3 _ 1","conjunction_disjunction_marginal",3,"758","Imagine the likelihood of occurrence for each event on a probability scale from 0% to 100%.,Imagine the likelihood of occurrence for each event on a vague probability scale (e.g., very likely, somewhat likely, not likely).","Pick two events from the provide­­d sets of events and perform a pairwise comparison. Sort out the full ranking from a series of pairwise comparison results.,Think about all events at the same time, and then come up with a full ranking simultaneously."
"24","5d382e792a1ec500170b13e2","full"," _  _  _ "," _  _  _ "," _  _  _ ","-","1 _ 3 _ 4 _ 2","4 _ 1 _ 2 _ 3","2 _ 1 _ 4 _ 3","disjunction_conjunction_marginal","3 _ 1 _ 2 _ 4","4 _ 2 _ 3 _ 1","3 _ 4 _ 2 _ 1","marginal_conjunction_disjunction"," _  _  _ "," _  _  _ "," _  _  _ ","-","_","_","_","-","4 _ 1 _ 3 _ 2","3 _ 4 _ 1 _ 2","2 _ 4 _ 1 _ 3","conjunction_marginal_disjunction"," _  _  _ "," _  _  _ "," _  _  _ ","-","1 _ 4 _ 2 _ 3","1 _ 4 _ 2 _ 3","1 _ 3 _ 2 _ 4","disjunction_marginal_conjunction",5,"659","Imagine the likelihood of occurrence for each event on a vague probability scale (e.g., very likely, somewhat likely, not likely).","Pick two events from the provide­­d sets of events and perform a pairwise comparison. Sort out the full ranking from a series of pairwise comparison results."
"25","5d9376bce476fb00183c7419","full"," _  _  _ "," _  _  _ "," _  _  _ ","-","4 _ 2 _ 1 _ 3","2 _ 4 _ 1 _ 3","2 _ 4 _ 1 _ 3","marginal_disjunction_conjunction","1 _ 4 _ 2 _ 3","1 _ 2 _ 3 _ 4","1 _ 3 _ 2 _ 4","marginal_disjunction_conjunction"," _  _  _ "," _  _  _ "," _  _  _ ","-","_","_","_","-"," _  _  _ "," _  _  _ "," _  _  _ ","-","4 _ 2 _ 1 _ 3","4 _ 2 _ 1 _ 3","4 _ 3 _ 1 _ 2","marginal_conjunction_disjunction"," _  _  _ "," _  _  _ "," _  _  _ ","-",3,"831","Imagine the likelihood of occurrence for each event on a probability scale from 0% to 100%.,Imagine the likelihood of occurrence for each event on a vague probability scale (e.g., very likely, somewhat likely, not likely).","Think about more than two events at the same time and come up with rankings for these events simultaneously. Sort out the full rankings based on these rankings."
"26","5f11f68a399eaf107d6903a9","full"," _  _  _ "," _  _  _ "," _  _  _ ","-","2 _ 3 _ 1 _ 4","1 _ 3 _ 2 _ 4","1 _ 3 _ 2 _ 4","conjunction_disjunction_marginal","2 _ 3 _ 1 _ 4","1 _ 3 _ 2 _ 4","1 _ 3 _ 2 _ 4","disjunction_marginal_conjunction"," _  _  _ "," _  _  _ "," _  _  _ ","-","_","_","_","-","3 _ 2 _ 4 _ 1","4 _ 2 _ 3 _ 1","2 _ 3 _ 4 _ 1","conjunction_disjunction_marginal","3 _ 1 _ 4 _ 2","4 _ 1 _ 2 _ 3","1 _ 4 _ 3 _ 2","disjunction_conjunction_marginal"," _  _  _ "," _  _  _ "," _  _  _ ","-",2,"614","Imagine the likelihood of occurrence for each event on a vague probability scale (e.g., very likely, somewhat likely, not likely).","Pick two events from the provide­­d sets of events and perform a pairwise comparison. Sort out the full ranking from a series of pairwise comparison results."
"27","5e3042b0c02083040a01b4ca","pair","NA _ NA _ NA _ NA"," _  _  _ "," _  _  _ ","-","2 _ 3 _ 4 _ 1","2 _ 1 _ 3 _ 4","3 _ 1 _ 4 _ 2","conjunction_marginal_disjunction","4 _ 1 _ 2 _ 3","2 _ 3 _ 1 _ 4","4 _ 1 _ 2 _ 3","conjunction_marginal_disjunction","NA _ NA _ NA _ NA"," _  _  _ "," _  _  _ ","-","NA _ NA _ NA _ NA"," _  _  _ "," _  _  _ ","-","4 _ 1 _ 3 _ 2","4 _ 2 _ 3 _ 1","2 _ 4 _ 3 _ 1","conjunction_disjunction_marginal","NA _ NA _ NA _ NA"," _  _  _ "," _  _  _ ","-","1 _ 4 _ 3 _ 2","1 _ 3 _ 4 _ 2","2 _ 1 _ 3 _ 4","conjunction_disjunction_marginal",1,"912","Imagine the likelihood of occurrence for each event on a vague probability scale (e.g., very likely, somewhat likely, not likely).","Think about more than two events at the same time and come up with rankings for these events simultaneously. Sort out the full rankings based on these rankings."
"28","57e928630cb6700001dd8f8a","full","2 _ 4 _ 1 _ 3","1 _ 3 _ 2 _ 4","1 _ 3 _ 2 _ 4","conjunction_disjunction_marginal"," _  _  _ "," _  _  _ "," _  _  _ ","-"," _  _  _ "," _  _  _ "," _  _  _ ","-","1 _ 4 _ 3 _ 2","2 _ 1 _ 4 _ 3","2 _ 1 _ 4 _ 3","marginal_disjunction_conjunction","_","_","_","-"," _  _  _ "," _  _  _ "," _  _  _ ","-"," _  _  _ "," _  _  _ "," _  _  _ ","-","1 _ 4 _ 2 _ 3","1 _ 2 _ 4 _ 3","2 _ 1 _ 3 _ 4","disjunction_conjunction_marginal",4,"821","Imagine the likelihood of occurrence for each event on a vague probability scale (e.g., very likely, somewhat likely, not likely).","Pick two events from the provide­­d sets of events and perform a pairwise comparison. Sort out the full ranking from a series of pairwise comparison results."
"29","5eba52ff10e3631987e078da","pair","NA _ NA _ NA _ NA"," _  _  _ "," _  _  _ ","-","1 _ 4 _ 3 _ 2","4 _ 2 _ 3 _ 1","2 _ 3 _ 4 _ 1","disjunction_marginal_conjunction","4 _ 1 _ 3 _ 2","4 _ 1 _ 2 _ 3","4 _ 1 _ 2 _ 3","disjunction_marginal_conjunction","NA _ NA _ NA _ NA"," _  _  _ "," _  _  _ ","-","1 _ 4 _ 3 _ 2","2 _ 1 _ 4 _ 3","2 _ 1 _ 3 _ 4","marginal_disjunction_conjunction","NA _ NA _ NA _ NA"," _  _  _ "," _  _  _ ","-","2 _ 3 _ 1 _ 4","1 _ 2 _ 3 _ 4","1 _ 2 _ 3 _ 4","marginal_disjunction_conjunction","NA _ NA _ NA _ NA"," _  _  _ "," _  _  _ ","-",4,"695","Imagine the likelihood of occurrence for each event on a probability scale from 0% to 100%.,Imagine the likelihood of occurrence for each event on a vague probability scale (e.g., very likely, somewhat likely, not likely).","Pick two events from the provide­­d sets of events and perform a pairwise comparison. Sort out the full ranking from a series of pairwise comparison results.,Think about more than two events at the same time and come up with rankings for these events simultaneously. Sort out the full rankings based on these rankings."
"30","5f0470bed60d5a06ed8c511f","full"," _  _  _ "," _  _  _ "," _  _  _ ","-","1 _ 2 _ 4 _ 3","3 _ 1 _ 4 _ 2","3 _ 1 _ 4 _ 2","marginal_disjunction_conjunction","4 _ 1 _ 3 _ 2","4 _ 3 _ 2 _ 1","4 _ 3 _ 2 _ 1","disjunction_marginal_conjunction"," _  _  _ "," _  _  _ "," _  _  _ ","-","_","_","_","-"," _  _  _ "," _  _  _ "," _  _  _ ","-"," _  _  _ "," _  _  _ "," _  _  _ ","-","2 _ 3 _ 1 _ 4","1 _ 3 _ 2 _ 4","1 _ 3 _ 2 _ 4","marginal_disjunction_conjunction",6,"1079","Imagine the likelihood of occurrence for each event on a probability scale from 0% to 100%.,Imagine the likelihood of occurrence for each event on a vague probability scale (e.g., very likely, somewhat likely, not likely).","Pick two events from the provide­­d sets of events and perform a pairwise comparison. Sort out the full ranking from a series of pairwise comparison results.,Think about all events at the same time, and then come up with a full ranking simultaneously."
"31","5ec3d65468bbf2074fc5b9f1","full","2 _ 3 _ 1 _ 4","1 _ 4 _ 2 _ 3","1 _ 3 _ 2 _ 4","marginal_conjunction_disjunction"," _  _  _ "," _  _  _ "," _  _  _ ","-"," _  _  _ "," _  _  _ "," _  _  _ ","-","1 _ 3 _ 4 _ 2","3 _ 2 _ 4 _ 1","3 _ 1 _ 4 _ 2","disjunction_conjunction_marginal","_","_","_","-","4 _ 1 _ 3 _ 2","4 _ 3 _ 2 _ 1","4 _ 2 _ 3 _ 1","marginal_conjunction_disjunction","4 _ 2 _ 3 _ 1","3 _ 4 _ 2 _ 1","4 _ 3 _ 2 _ 1","conjunction_marginal_disjunction"," _  _  _ "," _  _  _ "," _  _  _ ","-",5,"725","Imagine the likelihood of occurrence for each event on a vague probability scale (e.g., very likely, somewhat likely, not likely).","Pick two events from the provide­­d sets of events and perform a pairwise comparison. Sort out the full ranking from a series of pairwise comparison results.,Think about more than two events at the same time and come up with rankings for these events simultaneously. Sort out the full rankings based on these rankings."
"32","5db396d5b449ad000cbfc38c","full","3 _ 4 _ 1 _ 2","1 _ 4 _ 2 _ 3","2 _ 4 _ 3 _ 1","marginal_disjunction_conjunction"," _  _  _ "," _  _  _ "," _  _  _ ","-","4 _ 1 _ 3 _ 2","2 _ 4 _ 3 _ 1","2 _ 4 _ 3 _ 1","disjunction_conjunction_marginal"," _  _  _ "," _  _  _ "," _  _  _ ","-","_","_","_","-","2 _ 3 _ 4 _ 1","4 _ 2 _ 3 _ 1","4 _ 2 _ 3 _ 1","conjunction_marginal_disjunction","1 _ 3 _ 4 _ 2","2 _ 1 _ 3 _ 4","2 _ 1 _ 4 _ 3","conjunction_marginal_disjunction"," _  _  _ "," _  _  _ "," _  _  _ ","-",5,"904","Imagine the likelihood of occurrence for each event on a probability scale from 0% to 100%.,Imagine the likelihood of occurrence for each event on a vague probability scale (e.g., very likely, somewhat likely, not likely).","Pick two events from the provide­­d sets of events and perform a pairwise comparison. Sort out the full ranking from a series of pairwise comparison results.,Think about more than two events at the same time and come up with rankings for these events simultaneously. Sort out the full rankings based on these rankings.,Think about all events at the same time, and then come up with a full ranking simultaneously."
"33","5f226c53ebb8a972103c463e","full"," _  _  _ "," _  _  _ "," _  _  _ ","-"," _  _  _ "," _  _  _ "," _  _  _ ","-","4 _ 1 _ 3 _ 2","4 _ 3 _ 2 _ 1","4 _ 2 _ 3 _ 1","conjunction_marginal_disjunction","1 _ 3 _ 2 _ 4","2 _ 1 _ 4 _ 3","2 _ 1 _ 4 _ 3","conjunction_marginal_disjunction","_","_","_","-"," _  _  _ "," _  _  _ "," _  _  _ ","-"," _  _  _ "," _  _  _ "," _  _  _ ","-","1 _ 4 _ 2 _ 3","1 _ 2 _ 3 _ 4","1 _ 2 _ 3 _ 4","conjunction_marginal_disjunction",6,"654","Imagine the likelihood of occurrence for each event on a probability scale from 0% to 100%.,Recall or imagine the frequencies of occurrence for each event within some timescale (e.g., twice per year).,Imagine the likelihood of occurrence for each event on a vague probability scale (e.g., very likely, somewhat likely, not likely).","Pick two events from the provide­­d sets of events and perform a pairwise comparison. Sort out the full ranking from a series of pairwise comparison results.,Think about more than two events at the same time and come up with rankings for these events simultaneously. Sort out the full rankings based on these rankings."
"34","5eb1e2ead8a54b3321d43dd1","pair","NA _ NA _ NA _ NA"," _  _  _ "," _  _  _ ","-","1 _ 4 _ 3 _ 2","2 _ 4 _ 1 _ 3","2 _ 4 _ 1 _ 3","disjunction_marginal_conjunction","NA _ NA _ NA _ NA"," _  _  _ "," _  _  _ ","-","1 _ 4 _ 3 _ 2","4 _ 1 _ 2 _ 3","1 _ 3 _ 2 _ 4","conjunction_marginal_disjunction","4 _ 1 _ 3 _ 2","2 _ 1 _ 3 _ 4","3 _ 2 _ 1 _ 4","conjunction_disjunction_marginal","NA _ NA _ NA _ NA"," _  _  _ "," _  _  _ ","-","NA _ NA _ NA _ NA"," _  _  _ "," _  _  _ ","-","1 _ 4 _ 2 _ 3","4 _ 3 _ 2 _ 1","1 _ 3 _ 4 _ 2","disjunction_marginal_conjunction",6,"650","Imagine the likelihood of occurrence for each event on a probability scale from 0% to 100%.,Imagine the likelihood of occurrence for each event on a vague probability scale (e.g., very likely, somewhat likely, not likely).","Think about more than two events at the same time and come up with rankings for these events simultaneously. Sort out the full rankings based on these rankings.,Think about all events at the same time, and then come up with a full ranking simultaneously."
"35","5ba8cac81299c60001e6701d","pair","NA _ NA _ NA _ NA"," _  _  _ "," _  _  _ ","-","1 _ 4 _ 2 _ 3","4 _ 2 _ 1 _ 3","4 _ 1 _ 2 _ 3","conjunction_marginal_disjunction","NA _ NA _ NA _ NA"," _  _  _ "," _  _  _ ","-","4 _ 1 _ 2 _ 3","2 _ 1 _ 4 _ 3","4 _ 1 _ 2 _ 3","marginal_conjunction_disjunction","3 _ 2 _ 4 _ 1","2 _ 4 _ 1 _ 3","2 _ 3 _ 1 _ 4","disjunction_conjunction_marginal","NA _ NA _ NA _ NA"," _  _  _ "," _  _  _ ","-","NA _ NA _ NA _ NA"," _  _  _ "," _  _  _ ","-","1 _ 4 _ 2 _ 3","1 _ 4 _ 2 _ 3","4 _ 2 _ 3 _ 1","disjunction_conjunction_marginal",3,"774","Imagine the likelihood of occurrence for each event on a probability scale from 0% to 100%.,Recall or imagine the frequencies of occurrence for each event within some timescale (e.g., twice per year).","Think about more than two events at the same time and come up with rankings for these events simultaneously. Sort out the full rankings based on these rankings."
"36","5e53b75561087f000bb92efe","pair","NA _ NA _ NA _ NA"," _  _  _ "," _  _  _ ","-","NA _ NA _ NA _ NA"," _  _  _ "," _  _  _ ","-","3 _ 2 _ 1 _ 4","1 _ 3 _ 2 _ 4","2 _ 1 _ 4 _ 3","marginal_disjunction_conjunction","1 _ 4 _ 3 _ 2","2 _ 1 _ 4 _ 3","2 _ 1 _ 4 _ 3","marginal_disjunction_conjunction","2 _ 3 _ 4 _ 1","3 _ 1 _ 2 _ 4","3 _ 1 _ 4 _ 2","marginal_conjunction_disjunction","3 _ 2 _ 4 _ 1","4 _ 3 _ 2 _ 1","4 _ 3 _ 2 _ 1","conjunction_marginal_disjunction","NA _ NA _ NA _ NA"," _  _  _ "," _  _  _ ","-","NA _ NA _ NA _ NA"," _  _  _ "," _  _  _ ","-",5,"743","Imagine the likelihood of occurrence for each event on a vague probability scale (e.g., very likely, somewhat likely, not likely).","Pick two events from the provide­­d sets of events and perform a pairwise comparison. Sort out the full ranking from a series of pairwise comparison results."
"37","5eeb700a65f2cc08ac44e3cd","pair","2 _ 3 _ 1 _ 4","1 _ 2 _ 3 _ 4","1 _ 3 _ 2 _ 4","marginal_disjunction_conjunction","3 _ 2 _ 4 _ 1","4 _ 2 _ 3 _ 1","4 _ 3 _ 1 _ 2","marginal_disjunction_conjunction","NA _ NA _ NA _ NA"," _  _  _ "," _  _  _ ","-","NA _ NA _ NA _ NA"," _  _  _ "," _  _  _ ","-","NA _ NA _ NA _ NA"," _  _  _ "," _  _  _ ","-","4 _ 1 _ 3 _ 2","4 _ 2 _ 3 _ 1","4 _ 3 _ 2 _ 1","conjunction_marginal_disjunction","4 _ 1 _ 3 _ 2","4 _ 2 _ 3 _ 1","4 _ 2 _ 3 _ 1","disjunction_marginal_conjunction","NA _ NA _ NA _ NA"," _  _  _ "," _  _  _ ","-",4,"728","Imagine the likelihood of occurrence for each event on a vague probability scale (e.g., very likely, somewhat likely, not likely).","Pick two events from the provide­­d sets of events and perform a pairwise comparison. Sort out the full ranking from a series of pairwise comparison results."
"38","5e8d7d1ae59a720009c9a2b8","pair","2 _ 3 _ 1 _ 4","1 _ 2 _ 3 _ 4","1 _ 3 _ 2 _ 4","marginal_conjunction_disjunction","NA _ NA _ NA _ NA"," _  _  _ "," _  _  _ ","-","NA _ NA _ NA _ NA"," _  _  _ "," _  _  _ ","-","1 _ 4 _ 3 _ 2","2 _ 1 _ 4 _ 3","3 _ 1 _ 4 _ 2","disjunction_conjunction_marginal","NA _ NA _ NA _ NA"," _  _  _ "," _  _  _ ","-","4 _ 1 _ 3 _ 2","4 _ 2 _ 3 _ 1","4 _ 2 _ 3 _ 1","conjunction_disjunction_marginal","NA _ NA _ NA _ NA"," _  _  _ "," _  _  _ ","-","2 _ 3 _ 1 _ 4","1 _ 3 _ 2 _ 4","1 _ 3 _ 2 _ 4","disjunction_conjunction_marginal",4,"816","Imagine the likelihood of occurrence for each event on a probability scale from 0% to 100%.,Recall or imagine the frequencies of occurrence for each event within some timescale (e.g., twice per year).","Pick two events from the provide­­d sets of events and perform a pairwise comparison. Sort out the full ranking from a series of pairwise comparison results."
"39","5ed0dbd59baeec01210492f2","pair","NA _ NA _ NA _ NA"," _  _  _ "," _  _  _ ","-","NA _ NA _ NA _ NA"," _  _  _ "," _  _  _ ","-","3 _ 2 _ 4 _ 1","2 _ 1 _ 4 _ 3","3 _ 4 _ 2 _ 1","marginal_conjunction_disjunction","1 _ 4 _ 3 _ 2","4 _ 1 _ 2 _ 3","4 _ 1 _ 3 _ 2","marginal_conjunction_disjunction","NA _ NA _ NA _ NA"," _  _  _ "," _  _  _ ","-","NA _ NA _ NA _ NA"," _  _  _ "," _  _  _ ","-","1 _ 4 _ 3 _ 2","3 _ 2 _ 4 _ 1","4 _ 2 _ 3 _ 1","disjunction_conjunction_marginal","1 _ 4 _ 3 _ 2","2 _ 1 _ 3 _ 4","4 _ 1 _ 3 _ 2","conjunction_disjunction_marginal",4,"1188","Imagine the likelihood of occurrence for each event on a probability scale from 0% to 100%.,Imagine the likelihood of occurrence for each event on a vague probability scale (e.g., very likely, somewhat likely, not likely).","Pick two events from the provide­­d sets of events and perform a pairwise comparison. Sort out the full ranking from a series of pairwise comparison results.,Think about all events at the same time, and then come up with a full ranking simultaneously."
"40","5e40d4deaa21c630cc668919","pair","1 _ 4 _ 2 _ 3","2 _ 1 _ 4 _ 3","1 _ 2 _ 4 _ 3","marginal_disjunction_conjunction","1 _ 4 _ 3 _ 2","2 _ 1 _ 4 _ 3","2 _ 1 _ 4 _ 3","conjunction_marginal_disjunction","NA _ NA _ NA _ NA"," _  _  _ "," _  _  _ ","-","NA _ NA _ NA _ NA"," _  _  _ "," _  _  _ ","-","NA _ NA _ NA _ NA"," _  _  _ "," _  _  _ ","-","4 _ 1 _ 3 _ 2","3 _ 2 _ 4 _ 1","3 _ 2 _ 4 _ 1","conjunction_disjunction_marginal","2 _ 3 _ 4 _ 1","4 _ 2 _ 3 _ 1","4 _ 2 _ 3 _ 1","marginal_conjunction_disjunction","NA _ NA _ NA _ NA"," _  _  _ "," _  _  _ ","-",5,"872","Recall or imagine the frequencies of occurrence for each event within some timescale (e.g., twice per year).,Imagine the likelihood of occurrence for each event on a vague probability scale (e.g., very likely, somewhat likely, not likely).","Pick two events from the provide­­d sets of events and perform a pairwise comparison. Sort out the full ranking from a series of pairwise comparison results."
"41","5b9a16df2b00aa0001b2be06","pair","NA _ NA _ NA _ NA"," _  _  _ "," _  _  _ ","-","NA _ NA _ NA _ NA"," _  _  _ "," _  _  _ ","-","3 _ 2 _ 4 _ 1","2 _ 1 _ 3 _ 4","2 _ 3 _ 4 _ 1","conjunction_disjunction_marginal","1 _ 4 _ 3 _ 2","3 _ 1 _ 2 _ 4","1 _ 2 _ 4 _ 3","disjunction_conjunction_marginal","NA _ NA _ NA _ NA"," _  _  _ "," _  _  _ ","-","4 _ 1 _ 3 _ 2","4 _ 2 _ 3 _ 1","3 _ 2 _ 4 _ 1","disjunction_marginal_conjunction","1 _ 4 _ 3 _ 2","4 _ 1 _ 3 _ 2","3 _ 1 _ 4 _ 2","disjunction_marginal_conjunction","NA _ NA _ NA _ NA"," _  _  _ "," _  _  _ ","-",7,"1115","Imagine the likelihood of occurrence for each event on a probability scale from 0% to 100%.,Recall or imagine the frequencies of occurrence for each event within some timescale (e.g., twice per year).","Pick two events from the provide­­d sets of events and perform a pairwise comparison. Sort out the full ranking from a series of pairwise comparison results."
"42","5bbb7887b865300001678331","pair","1 _ 4 _ 2 _ 3","1 _ 2 _ 3 _ 4","1 _ 2 _ 3 _ 4","marginal_disjunction_conjunction","2 _ 3 _ 1 _ 4","2 _ 1 _ 3 _ 4","1 _ 2 _ 3 _ 4","marginal_disjunction_conjunction","NA _ NA _ NA _ NA"," _  _  _ "," _  _  _ ","-","NA _ NA _ NA _ NA"," _  _  _ "," _  _  _ ","-","NA _ NA _ NA _ NA"," _  _  _ "," _  _  _ ","-","3 _ 2 _ 4 _ 1","4 _ 3 _ 2 _ 1","4 _ 3 _ 2 _ 1","marginal_conjunction_disjunction","1 _ 4 _ 3 _ 2","2 _ 1 _ 3 _ 4","2 _ 1 _ 4 _ 3","conjunction_marginal_disjunction","NA _ NA _ NA _ NA"," _  _  _ "," _  _  _ ","-",1,"637","Imagine the likelihood of occurrence for each event on a probability scale from 0% to 100%.,Imagine the likelihood of occurrence for each event on a vague probability scale (e.g., very likely, somewhat likely, not likely).","Think about all events at the same time, and then come up with a full ranking simultaneously."
"43","5d9fa5803760ce00149b815a","pair","NA _ NA _ NA _ NA"," _  _  _ "," _  _  _ ","-","2 _ 3 _ 4 _ 1","2 _ 4 _ 1 _ 3","2 _ 3 _ 1 _ 4","disjunction_marginal_conjunction","4 _ 1 _ 3 _ 2","1 _ 4 _ 2 _ 3","1 _ 2 _ 3 _ 4","marginal_conjunction_disjunction","NA _ NA _ NA _ NA"," _  _  _ "," _  _  _ ","-","NA _ NA _ NA _ NA"," _  _  _ "," _  _  _ ","-","3 _ 2 _ 4 _ 1","1 _ 2 _ 3 _ 4","2 _ 1 _ 3 _ 4","conjunction_marginal_disjunction","NA _ NA _ NA _ NA"," _  _  _ "," _  _  _ ","-","2 _ 3 _ 1 _ 4","2 _ 4 _ 1 _ 3","4 _ 3 _ 2 _ 1","conjunction_marginal_disjunction",5,"896","Imagine the likelihood of occurrence for each event on a vague probability scale (e.g., very likely, somewhat likely, not likely).","Think about all events at the same time, and then come up with a full ranking simultaneously."
"44","5e4e6e53f4bdd82b601f2e9a","pair","1 _ 4 _ 2 _ 3","4 _ 2 _ 3 _ 1","4 _ 3 _ 2 _ 1","marginal_conjunction_disjunction","1 _ 4 _ 3 _ 2","2 _ 3 _ 4 _ 1","4 _ 3 _ 2 _ 1","disjunction_conjunction_marginal","NA _ NA _ NA _ NA"," _  _  _ "," _  _  _ ","-","NA _ NA _ NA _ NA"," _  _  _ "," _  _  _ ","-","NA _ NA _ NA _ NA"," _  _  _ "," _  _  _ ","-","3 _ 2 _ 1 _ 4","1 _ 2 _ 3 _ 4","1 _ 2 _ 4 _ 3","conjunction_marginal_disjunction","1 _ 4 _ 3 _ 2","3 _ 1 _ 2 _ 4","4 _ 3 _ 2 _ 1","disjunction_conjunction_marginal","NA _ NA _ NA _ NA"," _  _  _ "," _  _  _ ","-",2,"806","Imagine the likelihood of occurrence for each event on a probability scale from 0% to 100%.","Think about more than two events at the same time and come up with rankings for these events simultaneously. Sort out the full rankings based on these rankings."
"45","5d9990363342a002b765ad1d","full","1 _ 3 _ 2 _ 4","1 _ 4 _ 2 _ 3","1 _ 4 _ 3 _ 2","conjunction_marginal_disjunction","2 _ 4 _ 1 _ 3","2 _ 1 _ 3 _ 4","2 _ 4 _ 1 _ 3","marginal_conjunction_disjunction"," _  _  _ "," _  _  _ "," _  _  _ ","-"," _  _  _ "," _  _  _ "," _  _  _ ","-","_","_","_","-","4 _ 2 _ 1 _ 3","2 _ 4 _ 1 _ 3","2 _ 3 _ 1 _ 4","disjunction_conjunction_marginal","4 _ 2 _ 3 _ 1","4 _ 3 _ 2 _ 1","4 _ 3 _ 2 _ 1","conjunction_disjunction_marginal"," _  _  _ "," _  _  _ "," _  _  _ ","-",2,"841","Imagine the likelihood of occurrence for each event on a probability scale from 0% to 100%.,Recall or imagine the frequencies of occurrence for each event within some timescale (e.g., twice per year).,Imagine the likelihood of occurrence for each event on a vague probability scale (e.g., very likely, somewhat likely, not likely).","Pick two events from the provide­­d sets of events and perform a pairwise comparison. Sort out the full ranking from a series of pairwise comparison results.,Think about more than two events at the same time and come up with rankings for these events simultaneously. Sort out the full rankings based on these rankings."
"46","5ed25c093fecaa03fce0868a","full","2 _ 3 _ 1 _ 4","1 _ 3 _ 2 _ 4","1 _ 3 _ 2 _ 4","marginal_disjunction_conjunction"," _  _  _ "," _  _  _ "," _  _  _ ","-"," _  _  _ "," _  _  _ "," _  _  _ ","-","2 _ 3 _ 4 _ 1","3 _ 1 _ 4 _ 2","3 _ 1 _ 4 _ 2","disjunction_marginal_conjunction","_","_","_","-","4 _ 1 _ 2 _ 3","4 _ 3 _ 2 _ 1","3 _ 4 _ 2 _ 1","disjunction_marginal_conjunction"," _  _  _ "," _  _  _ "," _  _  _ ","-","2 _ 3 _ 1 _ 4","1 _ 2 _ 3 _ 4","1 _ 3 _ 2 _ 4","conjunction_disjunction_marginal",4,"1011","Recall or imagine the frequencies of occurrence for each event within some timescale (e.g., twice per year).,Imagine the likelihood of occurrence for each event on a vague probability scale (e.g., very likely, somewhat likely, not likely).","Pick two events from the provide­­d sets of events and perform a pairwise comparison. Sort out the full ranking from a series of pairwise comparison results."
"47","5efb2cab0db89a04660c90ef","full"," _  _  _ "," _  _  _ "," _  _  _ ","-","1 _ 4 _ 3 _ 2","3 _ 1 _ 4 _ 2","4 _ 1 _ 3 _ 2","marginal_disjunction_conjunction","2 _ 3 _ 1 _ 4","3 _ 4 _ 2 _ 1","1 _ 4 _ 3 _ 2","conjunction_marginal_disjunction"," _  _  _ "," _  _  _ "," _  _  _ ","-","_","_","_","-"," _  _  _ "," _  _  _ "," _  _  _ ","-"," _  _  _ "," _  _  _ "," _  _  _ ","-","2 _ 1 _ 4 _ 3","4 _ 1 _ 3 _ 2","4 _ 2 _ 3 _ 1","conjunction_marginal_disjunction",4,"786","Imagine the likelihood of occurrence for each event on a probability scale from 0% to 100%.,Recall or imagine the frequencies of occurrence for each event within some timescale (e.g., twice per year).","Pick two events from the provide­­d sets of events and perform a pairwise comparison. Sort out the full ranking from a series of pairwise comparison results."
"48","5eeb40c601b1dc2907bbff74","full"," _  _  _ "," _  _  _ "," _  _  _ ","-","1 _ 4 _ 2 _ 3","1 _ 3 _ 4 _ 2","1 _ 3 _ 4 _ 2","marginal_disjunction_conjunction","2 _ 4 _ 1 _ 3","1 _ 4 _ 3 _ 2","2 _ 3 _ 4 _ 1","marginal_conjunction_disjunction"," _  _  _ "," _  _  _ "," _  _  _ ","-","_","_","_","-","4 _ 1 _ 3 _ 2","4 _ 2 _ 3 _ 1","4 _ 3 _ 2 _ 1","disjunction_marginal_conjunction","3 _ 2 _ 4 _ 1","4 _ 3 _ 2 _ 1","4 _ 2 _ 3 _ 1","disjunction_conjunction_marginal"," _  _  _ "," _  _  _ "," _  _  _ ","-",5,"1038","Imagine the likelihood of occurrence for each event on a vague probability scale (e.g., very likely, somewhat likely, not likely).","Think about more than two events at the same time and come up with rankings for these events simultaneously. Sort out the full rankings based on these rankings."
"49","5ea932b5398cc3000a88be23","full"," _  _  _ "," _  _  _ "," _  _  _ ","-"," _  _  _ "," _  _  _ "," _  _  _ ","-","4 _ 3 _ 2 _ 1","4 _ 3 _ 1 _ 2","4 _ 3 _ 2 _ 1","conjunction_marginal_disjunction","1 _ 3 _ 4 _ 2","2 _ 1 _ 3 _ 4","2 _ 1 _ 4 _ 3","disjunction_marginal_conjunction","_","_","_","-","4 _ 1 _ 3 _ 2","4 _ 3 _ 2 _ 1","3 _ 4 _ 2 _ 1","conjunction_marginal_disjunction"," _  _  _ "," _  _  _ "," _  _  _ ","-"," _  _  _ "," _  _  _ "," _  _  _ ","-",3,"957","Imagine the likelihood of occurrence for each event on a vague probability scale (e.g., very likely, somewhat likely, not likely).","Pick two events from the provide­­d sets of events and perform a pairwise comparison. Sort out the full ranking from a series of pairwise comparison results."
"50","5f158dc6bbb7d36487982427","pair","2 _ 3 _ 4 _ 1","3 _ 1 _ 4 _ 2","3 _ 1 _ 4 _ 2","disjunction_conjunction_marginal","3 _ 2 _ 4 _ 1","3 _ 2 _ 4 _ 1","3 _ 2 _ 4 _ 1","marginal_conjunction_disjunction","NA _ NA _ NA _ NA"," _  _  _ "," _  _  _ ","-","NA _ NA _ NA _ NA"," _  _  _ "," _  _  _ ","-","NA _ NA _ NA _ NA"," _  _  _ "," _  _  _ ","-","NA _ NA _ NA _ NA"," _  _  _ "," _  _  _ ","-","2 _ 3 _ 4 _ 1","3 _ 1 _ 4 _ 2","2 _ 1 _ 4 _ 3","disjunction_conjunction_marginal","3 _ 2 _ 1 _ 4","3 _ 4 _ 1 _ 2","3 _ 4 _ 1 _ 2","disjunction_conjunction_marginal",6,"1410","Imagine the likelihood of occurrence for each event on a vague probability scale (e.g., very likely, somewhat likely, not likely).","Think about all events at the same time, and then come up with a full ranking simultaneously."
"51","5c1be8fee538130001fe841a","full","1 _ 4 _ 2 _ 3","1 _ 4 _ 3 _ 2","1 _ 3 _ 2 _ 4","conjunction_disjunction_marginal"," _  _  _ "," _  _  _ "," _  _  _ ","-"," _  _  _ "," _  _  _ "," _  _  _ ","-","1 _ 4 _ 3 _ 2","2 _ 1 _ 4 _ 3","4 _ 1 _ 3 _ 2","conjunction_disjunction_marginal","_","_","_","-"," _  _  _ "," _  _  _ "," _  _  _ ","-","1 _ 4 _ 3 _ 2","2 _ 1 _ 3 _ 4","2 _ 1 _ 3 _ 4","disjunction_marginal_conjunction"," _  _  _ "," _  _  _ "," _  _  _ ","-",2,"1102","Imagine the likelihood of occurrence for each event on a probability scale from 0% to 100%.","Pick two events from the provide­­d sets of events and perform a pairwise comparison. Sort out the full ranking from a series of pairwise comparison results."
"52","5e74ab90a8712c41d2b2afae","pair","1 _ 4 _ 2 _ 3","1 _ 3 _ 2 _ 4","1 _ 3 _ 2 _ 4","disjunction_marginal_conjunction","NA _ NA _ NA _ NA"," _  _  _ "," _  _  _ ","-","4 _ 1 _ 3 _ 2","2 _ 1 _ 3 _ 4","4 _ 2 _ 3 _ 1","conjunction_marginal_disjunction","NA _ NA _ NA _ NA"," _  _  _ "," _  _  _ ","-","4 _ 1 _ 2 _ 3","1 _ 3 _ 2 _ 4","1 _ 4 _ 3 _ 2","marginal_conjunction_disjunction","NA _ NA _ NA _ NA"," _  _  _ "," _  _  _ ","-","NA _ NA _ NA _ NA"," _  _  _ "," _  _  _ ","-","3 _ 2 _ 1 _ 4","2 _ 3 _ 1 _ 4","2 _ 4 _ 1 _ 3","disjunction_conjunction_marginal",6,"1006","Imagine the likelihood of occurrence for each event on a vague probability scale (e.g., very likely, somewhat likely, not likely).","Pick two events from the provide­­d sets of events and perform a pairwise comparison. Sort out the full ranking from a series of pairwise comparison results.,Think about all events at the same time, and then come up with a full ranking simultaneously."
"53","5e80370d48b5f47170e30e5c","pair","NA _ NA _ NA _ NA"," _  _  _ "," _  _  _ ","-","NA _ NA _ NA _ NA"," _  _  _ "," _  _  _ ","-","4 _ 1 _ 3 _ 2","1 _ 4 _ 3 _ 2","4 _ 2 _ 3 _ 1","conjunction_marginal_disjunction","1 _ 4 _ 2 _ 3","1 _ 2 _ 3 _ 4","2 _ 3 _ 1 _ 4","disjunction_conjunction_marginal","NA _ NA _ NA _ NA"," _  _  _ "," _  _  _ ","-","NA _ NA _ NA _ NA"," _  _  _ "," _  _  _ ","-","4 _ 1 _ 3 _ 2","4 _ 3 _ 2 _ 1","3 _ 2 _ 4 _ 1","marginal_conjunction_disjunction","2 _ 3 _ 1 _ 4","1 _ 3 _ 2 _ 4","1 _ 2 _ 3 _ 4","disjunction_conjunction_marginal",7,"957","Recall or imagine the frequencies of occurrence for each event within some timescale (e.g., twice per year).,Imagine the likelihood of occurrence for each event on a vague probability scale (e.g., very likely, somewhat likely, not likely).","Pick two events from the provide­­d sets of events and perform a pairwise comparison. Sort out the full ranking from a series of pairwise comparison results.,Think about more than two events at the same time and come up with rankings for these events simultaneously. Sort out the full rankings based on these rankings."
"54","5e5c41c4b22d9d42b78b2ebf","pair","3 _ 2 _ 4 _ 1","4 _ 1 _ 3 _ 2","3 _ 2 _ 4 _ 1","marginal_disjunction_conjunction","NA _ NA _ NA _ NA"," _  _  _ "," _  _  _ ","-","NA _ NA _ NA _ NA"," _  _  _ "," _  _  _ ","-","1 _ 4 _ 3 _ 2","4 _ 2 _ 3 _ 1","2 _ 1 _ 3 _ 4","disjunction_marginal_conjunction","NA _ NA _ NA _ NA"," _  _  _ "," _  _  _ ","-","3 _ 2 _ 4 _ 1","4 _ 2 _ 3 _ 1","4 _ 2 _ 3 _ 1","marginal_disjunction_conjunction","NA _ NA _ NA _ NA"," _  _  _ "," _  _  _ ","-","1 _ 4 _ 2 _ 3","1 _ 2 _ 3 _ 4","1 _ 2 _ 3 _ 4","disjunction_marginal_conjunction",4,"1287","Imagine the likelihood of occurrence for each event on a probability scale from 0% to 100%.,Recall or imagine the frequencies of occurrence for each event within some timescale (e.g., twice per year).,Imagine the likelihood of occurrence for each event on a vague probability scale (e.g., very likely, somewhat likely, not likely).","Pick two events from the provide­­d sets of events and perform a pairwise comparison. Sort out the full ranking from a series of pairwise comparison results."
"55","5ea6b3deac186c039abf5d9b","full","1 _ 4 _ 3 _ 2","3 _ 2 _ 1 _ 4","3 _ 1 _ 4 _ 2","disjunction_conjunction_marginal"," _  _  _ "," _  _  _ "," _  _  _ ","-"," _  _  _ "," _  _  _ "," _  _  _ ","-","4 _ 2 _ 1 _ 3","1 _ 4 _ 2 _ 3","2 _ 4 _ 3 _ 1","marginal_disjunction_conjunction","_","_","_","-"," _  _  _ "," _  _  _ "," _  _  _ ","-"," _  _  _ "," _  _  _ "," _  _  _ ","-","4 _ 2 _ 1 _ 3","2 _ 1 _ 4 _ 3","4 _ 3 _ 1 _ 2","disjunction_conjunction_marginal",4,"1337","Imagine the likelihood of occurrence for each event on a probability scale from 0% to 100%.,Imagine the likelihood of occurrence for each event on a vague probability scale (e.g., very likely, somewhat likely, not likely).","Think about more than two events at the same time and come up with rankings for these events simultaneously. Sort out the full rankings based on these rankings.,Think about all events at the same time, and then come up with a full ranking simultaneously."
"56","5e9c364f77ade3000c793bc9","pair","NA _ NA _ NA _ NA"," _  _  _ "," _  _  _ ","-","NA _ NA _ NA _ NA"," _  _  _ "," _  _  _ ","-","4 _ 1 _ 3 _ 2","4 _ 1 _ 3 _ 2","4 _ 3 _ 2 _ 1","marginal_disjunction_conjunction","1 _ 4 _ 3 _ 2","1 _ 4 _ 2 _ 3","3 _ 1 _ 2 _ 4","conjunction_marginal_disjunction","4 _ 1 _ 3 _ 2","1 _ 3 _ 2 _ 4","4 _ 2 _ 3 _ 1","marginal_conjunction_disjunction","NA _ NA _ NA _ NA"," _  _  _ "," _  _  _ ","-","NA _ NA _ NA _ NA"," _  _  _ "," _  _  _ ","-","4 _ 1 _ 3 _ 2","4 _ 3 _ 2 _ 1","4 _ 2 _ 3 _ 1","disjunction_marginal_conjunction",6,"1112","Imagine the likelihood of occurrence for each event on a vague probability scale (e.g., very likely, somewhat likely, not likely).","Pick two events from the provide­­d sets of events and perform a pairwise comparison. Sort out the full ranking from a series of pairwise comparison results."
"57","5eb30a25e47c220ddc0efc91","pair","2 _ 3 _ 1 _ 4","1 _ 3 _ 2 _ 4","1 _ 3 _ 2 _ 4","conjunction_disjunction_marginal","NA _ NA _ NA _ NA"," _  _  _ "," _  _  _ ","-","NA _ NA _ NA _ NA"," _  _  _ "," _  _  _ ","-","1 _ 4 _ 3 _ 2","3 _ 1 _ 4 _ 2","3 _ 1 _ 4 _ 2","marginal_conjunction_disjunction","4 _ 1 _ 3 _ 2","4 _ 3 _ 2 _ 1","4 _ 3 _ 2 _ 1","disjunction_conjunction_marginal","NA _ NA _ NA _ NA"," _  _  _ "," _  _  _ ","-","NA _ NA _ NA _ NA"," _  _  _ "," _  _  _ ","-","2 _ 3 _ 4 _ 1","2 _ 1 _ 4 _ 3","2 _ 1 _ 4 _ 3","marginal_conjunction_disjunction",5,"1424","Recall or imagine the frequencies of occurrence for each event within some timescale (e.g., twice per year).,Imagine the likelihood of occurrence for each event on a vague probability scale (e.g., very likely, somewhat likely, not likely).","Pick two events from the provide­­d sets of events and perform a pairwise comparison. Sort out the full ranking from a series of pairwise comparison results."
"58","5e5fd984c7c9ca30f8dd9c00","full"," _  _  _ "," _  _  _ "," _  _  _ ","-","1 _ 3 _ 2 _ 4","1 _ 2 _ 3 _ 4","1 _ 2 _ 3 _ 4","marginal_conjunction_disjunction","3 _ 1 _ 4 _ 2","4 _ 3 _ 2 _ 1","4 _ 3 _ 2 _ 1","disjunction_conjunction_marginal"," _  _  _ "," _  _  _ "," _  _  _ ","-","_","_","_","-","4 _ 1 _ 3 _ 2","4 _ 3 _ 2 _ 1","4 _ 3 _ 2 _ 1","marginal_disjunction_conjunction"," _  _  _ "," _  _  _ "," _  _  _ ","-"," _  _  _ "," _  _  _ "," _  _  _ ","-",7,"1089","Imagine the likelihood of occurrence for each event on a probability scale from 0% to 100%.,Imagine the likelihood of occurrence for each event on a vague probability scale (e.g., very likely, somewhat likely, not likely).","Think about more than two events at the same time and come up with rankings for these events simultaneously. Sort out the full rankings based on these rankings."
"59","5eebdc0182c47818f576405a","full","1 _ 3 _ 2 _ 4","1 _ 3 _ 2 _ 4","1 _ 2 _ 4 _ 3","disjunction_conjunction_marginal"," _  _  _ "," _  _  _ "," _  _  _ ","-","1 _ 2 _ 3 _ 4","1 _ 4 _ 2 _ 3","1 _ 2 _ 4 _ 3","conjunction_disjunction_marginal"," _  _  _ "," _  _  _ "," _  _  _ ","-","_","_","_","-"," _  _  _ "," _  _  _ "," _  _  _ ","-","4 _ 1 _ 2 _ 3","3 _ 4 _ 2 _ 1","3 _ 4 _ 2 _ 1","marginal_conjunction_disjunction","1 _ 4 _ 3 _ 2","4 _ 1 _ 3 _ 2","2 _ 4 _ 1 _ 3","conjunction_disjunction_marginal",2,"1257","Imagine the likelihood of occurrence for each event on a probability scale from 0% to 100%.,Imagine the likelihood of occurrence for each event on a vague probability scale (e.g., very likely, somewhat likely, not likely).","Think about more than two events at the same time and come up with rankings for these events simultaneously. Sort out the full rankings based on these rankings."
"60","5eebae73e9f1e03485c91537","full"," _  _  _ "," _  _  _ "," _  _  _ ","-","1 _ 4 _ 2 _ 3","1 _ 2 _ 3 _ 4","1 _ 2 _ 3 _ 4","conjunction_marginal_disjunction","2 _ 3 _ 1 _ 4","1 _ 3 _ 2 _ 4","1 _ 3 _ 2 _ 4","conjunction_marginal_disjunction"," _  _  _ "," _  _  _ "," _  _  _ ","-","_","_","_","-"," _  _  _ "," _  _  _ "," _  _  _ ","-","3 _ 2 _ 4 _ 1","4 _ 2 _ 3 _ 1","3 _ 2 _ 4 _ 1","disjunction_marginal_conjunction","3 _ 2 _ 1 _ 4","1 _ 3 _ 2 _ 4","1 _ 3 _ 2 _ 4","conjunction_marginal_disjunction",6,"1223","Imagine the likelihood of occurrence for each event on a probability scale from 0% to 100%.,Recall or imagine the frequencies of occurrence for each event within some timescale (e.g., twice per year).,Imagine the likelihood of occurrence for each event on a vague probability scale (e.g., very likely, somewhat likely, not likely).","Pick two events from the provide­­d sets of events and perform a pairwise comparison. Sort out the full ranking from a series of pairwise comparison results.,Think about more than two events at the same time and come up with rankings for these events simultaneously. Sort out the full rankings based on these rankings."
"61","5e4297a6c99876000f358cf5","pair","2 _ 3 _ 4 _ 1","1 _ 3 _ 2 _ 4","1 _ 3 _ 2 _ 4","disjunction_marginal_conjunction","1 _ 4 _ 3 _ 2","3 _ 1 _ 4 _ 2","1 _ 2 _ 4 _ 3","disjunction_conjunction_marginal","NA _ NA _ NA _ NA"," _  _  _ "," _  _  _ ","-","NA _ NA _ NA _ NA"," _  _  _ "," _  _  _ ","-","NA _ NA _ NA _ NA"," _  _  _ "," _  _  _ ","-","NA _ NA _ NA _ NA"," _  _  _ "," _  _  _ ","-","2 _ 3 _ 4 _ 1","4 _ 3 _ 2 _ 1","4 _ 2 _ 3 _ 1","conjunction_disjunction_marginal","2 _ 3 _ 1 _ 4","1 _ 3 _ 2 _ 4","2 _ 3 _ 1 _ 4","marginal_disjunction_conjunction",1,"1210","Imagine the likelihood of occurrence for each event on a probability scale from 0% to 100%.,Recall or imagine the frequencies of occurrence for each event within some timescale (e.g., twice per year).","Pick two events from the provide­­d sets of events and perform a pairwise comparison. Sort out the full ranking from a series of pairwise comparison results.,Think about all events at the same time, and then come up with a full ranking simultaneously."
"62","5c93f0f89d6890000143d00f","full","1 _ 4 _ 2 _ 3","1 _ 2 _ 3 _ 4","3 _ 1 _ 2 _ 4","disjunction_marginal_conjunction"," _  _  _ "," _  _  _ "," _  _  _ ","-","2 _ 4 _ 1 _ 3","3 _ 4 _ 1 _ 2","3 _ 4 _ 2 _ 1","marginal_conjunction_disjunction"," _  _  _ "," _  _  _ "," _  _  _ ","-","_","_","_","-"," _  _  _ "," _  _  _ "," _  _  _ ","-"," _  _  _ "," _  _  _ "," _  _  _ ","-","2 _ 3 _ 1 _ 4","1 _ 3 _ 2 _ 4","3 _ 1 _ 2 _ 4","conjunction_marginal_disjunction",5,"1229","Imagine the likelihood of occurrence for each event on a probability scale from 0% to 100%.","Pick two events from the provide­­d sets of events and perform a pairwise comparison. Sort out the full ranking from a series of pairwise comparison results."
"63","5c640653838d0900015bb3fe","full","3 _ 4 _ 2 _ 1","3 _ 1 _ 2 _ 4","4 _ 3 _ 2 _ 1","disjunction_conjunction_marginal"," _  _  _ "," _  _  _ "," _  _  _ ","-"," _  _  _ "," _  _  _ "," _  _  _ ","-","4 _ 1 _ 3 _ 2","4 _ 1 _ 3 _ 2","1 _ 3 _ 4 _ 2","disjunction_marginal_conjunction","_","_","_","-","4 _ 1 _ 2 _ 3","3 _ 4 _ 1 _ 2","3 _ 4 _ 1 _ 2","conjunction_disjunction_marginal","2 _ 4 _ 1 _ 3","2 _ 3 _ 1 _ 4","3 _ 2 _ 1 _ 4","conjunction_disjunction_marginal"," _  _  _ "," _  _  _ "," _  _  _ ","-",4,"1351","Imagine the likelihood of occurrence for each event on a probability scale from 0% to 100%.,Imagine the likelihood of occurrence for each event on a vague probability scale (e.g., very likely, somewhat likely, not likely).","Think about more than two events at the same time and come up with rankings for these events simultaneously. Sort out the full rankings based on these rankings.,Think about all events at the same time, and then come up with a full ranking simultaneously."
"64","5e328fc0a7365325cc819dae","full","1 _ 4 _ 2 _ 3","1 _ 2 _ 3 _ 4","1 _ 3 _ 2 _ 4","marginal_conjunction_disjunction"," _  _  _ "," _  _  _ "," _  _  _ ","-"," _  _  _ "," _  _  _ "," _  _  _ ","-","1 _ 3 _ 4 _ 2","2 _ 1 _ 3 _ 4","4 _ 1 _ 2 _ 3","marginal_conjunction_disjunction","_","_","_","-","3 _ 1 _ 4 _ 2","4 _ 2 _ 3 _ 1","3 _ 2 _ 4 _ 1","conjunction_disjunction_marginal","3 _ 1 _ 2 _ 4","2 _ 4 _ 1 _ 3","3 _ 4 _ 2 _ 1","disjunction_marginal_conjunction"," _  _  _ "," _  _  _ "," _  _  _ ","-",2,"1106","Recall or imagine the frequencies of occurrence for each event within some timescale (e.g., twice per year).,Imagine the likelihood of occurrence for each event on a vague probability scale (e.g., very likely, somewhat likely, not likely).","Pick two events from the provide­­d sets of events and perform a pairwise comparison. Sort out the full ranking from a series of pairwise comparison results."
"65","5efe473e63271c33b8744de3","pair","3 _ 2 _ 1 _ 4","3 _ 4 _ 1 _ 2","2 _ 3 _ 1 _ 4","marginal_conjunction_disjunction","NA _ NA _ NA _ NA"," _  _  _ "," _  _  _ ","-","4 _ 1 _ 3 _ 2","4 _ 1 _ 3 _ 2","3 _ 4 _ 2 _ 1","conjunction_disjunction_marginal","NA _ NA _ NA _ NA"," _  _  _ "," _  _  _ ","-","4 _ 1 _ 3 _ 2","4 _ 2 _ 3 _ 1","4 _ 3 _ 2 _ 1","disjunction_marginal_conjunction","NA _ NA _ NA _ NA"," _  _  _ "," _  _  _ ","-","3 _ 2 _ 4 _ 1","4 _ 2 _ 3 _ 1","4 _ 2 _ 3 _ 1","marginal_disjunction_conjunction","NA _ NA _ NA _ NA"," _  _  _ "," _  _  _ ","-",4,"1094","Imagine the likelihood of occurrence for each event on a vague probability scale (e.g., very likely, somewhat likely, not likely).","Pick two events from the provide­­d sets of events and perform a pairwise comparison. Sort out the full ranking from a series of pairwise comparison results."
"66","5edfc1b775bfd12c8d228aaa","pair","NA _ NA _ NA _ NA"," _  _  _ "," _  _  _ ","-","NA _ NA _ NA _ NA"," _  _  _ "," _  _  _ ","-","4 _ 1 _ 3 _ 2","2 _ 1 _ 4 _ 3","2 _ 3 _ 4 _ 1","conjunction_marginal_disjunction","1 _ 4 _ 3 _ 2","3 _ 1 _ 4 _ 2","3 _ 1 _ 4 _ 2","disjunction_conjunction_marginal","NA _ NA _ NA _ NA"," _  _  _ "," _  _  _ ","-","3 _ 2 _ 4 _ 1","4 _ 3 _ 2 _ 1","4 _ 3 _ 2 _ 1","disjunction_marginal_conjunction","1 _ 4 _ 3 _ 2","3 _ 1 _ 4 _ 2","1 _ 3 _ 4 _ 2","conjunction_disjunction_marginal","NA _ NA _ NA _ NA"," _  _  _ "," _  _  _ ","-",7,"1582","Imagine the likelihood of occurrence for each event on a vague probability scale (e.g., very likely, somewhat likely, not likely).,Use other strategies to infer the likelihoods. Please specify in the box below:","Pick two events from the provide­­d sets of events and perform a pairwise comparison. Sort out the full ranking from a series of pairwise comparison results."
"67","5d7df958cb6cf00001399929","pair","4 _ 1 _ 2 _ 3","3 _ 1 _ 4 _ 2","2 _ 1 _ 3 _ 4","marginal_disjunction_conjunction","1 _ 4 _ 3 _ 2","2 _ 1 _ 4 _ 3","2 _ 1 _ 4 _ 3","conjunction_disjunction_marginal","NA _ NA _ NA _ NA"," _  _  _ "," _  _  _ ","-","NA _ NA _ NA _ NA"," _  _  _ "," _  _  _ ","-","4 _ 1 _ 3 _ 2","4 _ 3 _ 2 _ 1","4 _ 3 _ 2 _ 1","conjunction_marginal_disjunction","3 _ 2 _ 4 _ 1","3 _ 4 _ 2 _ 1","4 _ 3 _ 2 _ 1","disjunction_conjunction_marginal","NA _ NA _ NA _ NA"," _  _  _ "," _  _  _ ","-","NA _ NA _ NA _ NA"," _  _  _ "," _  _  _ ","-",6,"1360","Imagine the likelihood of occurrence for each event on a probability scale from 0% to 100%.,Imagine the likelihood of occurrence for each event on a vague probability scale (e.g., very likely, somewhat likely, not likely).","Pick two events from the provide­­d sets of events and perform a pairwise comparison. Sort out the full ranking from a series of pairwise comparison results."
"68","5ed9213610586d469934f074","full"," _  _  _ "," _  _  _ "," _  _  _ ","-","1 _ 4 _ 2 _ 3","1 _ 4 _ 3 _ 2","1 _ 3 _ 4 _ 2","marginal_conjunction_disjunction"," _  _  _ "," _  _  _ "," _  _  _ ","-","1 _ 4 _ 3 _ 2","1 _ 2 _ 4 _ 3","3 _ 2 _ 1 _ 4","marginal_conjunction_disjunction","_","_","_","-"," _  _  _ "," _  _  _ "," _  _  _ ","-"," _  _  _ "," _  _  _ "," _  _  _ ","-","1 _ 4 _ 3 _ 2","2 _ 1 _ 4 _ 3","4 _ 2 _ 1 _ 3","marginal_conjunction_disjunction",3,"1494","Imagine the likelihood of occurrence for each event on a vague probability scale (e.g., very likely, somewhat likely, not likely).","Pick two events from the provide­­d sets of events and perform a pairwise comparison. Sort out the full ranking from a series of pairwise comparison results."
"69","5f1fc37e303dde1f433ef596","full"," _  _  _ "," _  _  _ "," _  _  _ ","-","1 _ 3 _ 4 _ 2","4 _ 1 _ 3 _ 2","3 _ 1 _ 4 _ 2","disjunction_marginal_conjunction"," _  _  _ "," _  _  _ "," _  _  _ ","-","1 _ 3 _ 4 _ 2","3 _ 1 _ 4 _ 2","3 _ 1 _ 4 _ 2","marginal_disjunction_conjunction","_","_","_","-","3 _ 2 _ 4 _ 1","4 _ 2 _ 3 _ 1","4 _ 2 _ 3 _ 1","conjunction_disjunction_marginal","3 _ 2 _ 4 _ 1","4 _ 2 _ 3 _ 1","4 _ 2 _ 3 _ 1","marginal_conjunction_disjunction"," _  _  _ "," _  _  _ "," _  _  _ ","-",5,"1477","Imagine the likelihood of occurrence for each event on a probability scale from 0% to 100%.","Pick two events from the provide­­d sets of events and perform a pairwise comparison. Sort out the full ranking from a series of pairwise comparison results."
"70","5c9e5360bb028c00166755fa","full"," _  _  _ "," _  _  _ "," _  _  _ ","-","2 _ 3 _ 1 _ 4","1 _ 2 _ 3 _ 4","1 _ 2 _ 3 _ 4","marginal_disjunction_conjunction"," _  _  _ "," _  _  _ "," _  _  _ ","-","2 _ 3 _ 4 _ 1","3 _ 1 _ 4 _ 2","4 _ 2 _ 3 _ 1","marginal_disjunction_conjunction","_","_","_","-","3 _ 2 _ 4 _ 1","4 _ 2 _ 3 _ 1","3 _ 2 _ 4 _ 1","marginal_disjunction_conjunction"," _  _  _ "," _  _  _ "," _  _  _ ","-"," _  _  _ "," _  _  _ "," _  _  _ ","-",6,"1696","Imagine the likelihood of occurrence for each event on a probability scale from 0% to 100%.","Pick two events from the provide­­d sets of events and perform a pairwise comparison. Sort out the full ranking from a series of pairwise comparison results."
"71","5d3f12098ea9bd0018b07068","pair","2 _ 3 _ 1 _ 4","2 _ 3 _ 1 _ 4","1 _ 3 _ 2 _ 4","marginal_conjunction_disjunction","2 _ 3 _ 1 _ 4","2 _ 3 _ 1 _ 4","1 _ 2 _ 3 _ 4","disjunction_conjunction_marginal","NA _ NA _ NA _ NA"," _  _  _ "," _  _  _ ","-","NA _ NA _ NA _ NA"," _  _  _ "," _  _  _ ","-","NA _ NA _ NA _ NA"," _  _  _ "," _  _  _ ","-","4 _ 1 _ 3 _ 2","4 _ 2 _ 3 _ 1","4 _ 2 _ 3 _ 1","disjunction_conjunction_marginal","2 _ 3 _ 4 _ 1","3 _ 1 _ 4 _ 2","3 _ 1 _ 4 _ 2","marginal_conjunction_disjunction","NA _ NA _ NA _ NA"," _  _  _ "," _  _  _ ","-",5,"1215","Imagine the likelihood of occurrence for each event on a probability scale from 0% to 100%.,Imagine the likelihood of occurrence for each event on a vague probability scale (e.g., very likely, somewhat likely, not likely).","Pick two events from the provide­­d sets of events and perform a pairwise comparison. Sort out the full ranking from a series of pairwise comparison results."
"72","5c73f003181ad3001133614c","full"," _  _  _ "," _  _  _ "," _  _  _ ","-","1 _ 4 _ 3 _ 2","2 _ 1 _ 3 _ 4","2 _ 1 _ 3 _ 4","marginal_disjunction_conjunction"," _  _  _ "," _  _  _ "," _  _  _ ","-","2 _ 4 _ 3 _ 1","2 _ 1 _ 4 _ 3","3 _ 1 _ 4 _ 2","marginal_conjunction_disjunction","_","_","_","-"," _  _  _ "," _  _  _ "," _  _  _ ","-"," _  _  _ "," _  _  _ "," _  _  _ ","-","1 _ 4 _ 2 _ 3","1 _ 2 _ 4 _ 3","1 _ 2 _ 3 _ 4","conjunction_disjunction_marginal",3,"1495","Imagine the likelihood of occurrence for each event on a vague probability scale (e.g., very likely, somewhat likely, not likely).","Think about all events at the same time, and then come up with a full ranking simultaneously."
"73","5edd00c1784b939dfd7ccbb4","pair","NA _ NA _ NA _ NA"," _  _  _ "," _  _  _ ","-","NA _ NA _ NA _ NA"," _  _  _ "," _  _  _ ","-","4 _ 1 _ 2 _ 3","2 _ 1 _ 4 _ 3","2 _ 4 _ 3 _ 1","conjunction_disjunction_marginal","1 _ 4 _ 3 _ 2","4 _ 1 _ 3 _ 2","3 _ 1 _ 4 _ 2","marginal_disjunction_conjunction","2 _ 3 _ 4 _ 1","4 _ 2 _ 3 _ 1","4 _ 2 _ 3 _ 1","marginal_disjunction_conjunction","NA _ NA _ NA _ NA"," _  _  _ "," _  _  _ ","-","NA _ NA _ NA _ NA"," _  _  _ "," _  _  _ ","-","2 _ 3 _ 1 _ 4","1 _ 4 _ 2 _ 3","1 _ 3 _ 2 _ 4","disjunction_marginal_conjunction",3,"1534","Imagine the likelihood of occurrence for each event on a vague probability scale (e.g., very likely, somewhat likely, not likely).","Think about all events at the same time, and then come up with a full ranking simultaneously."
"74","5e822b16f4c3fb9446c4ac8e","full","1 _ 4 _ 2 _ 3","1 _ 2 _ 3 _ 4","1 _ 2 _ 3 _ 4","conjunction_disjunction_marginal"," _  _  _ "," _  _  _ "," _  _  _ ","-"," _  _  _ "," _  _  _ "," _  _  _ ","-","1 _ 3 _ 4 _ 2","3 _ 1 _ 4 _ 2","2 _ 1 _ 4 _ 3","conjunction_marginal_disjunction","_","_","_","-"," _  _  _ "," _  _  _ "," _  _  _ ","-"," _  _  _ "," _  _  _ "," _  _  _ ","-","1 _ 4 _ 2 _ 3","1 _ 2 _ 3 _ 4","1 _ 2 _ 3 _ 4","conjunction_disjunction_marginal",5,"1546","Recall or imagine the frequencies of occurrence for each event within some timescale (e.g., twice per year).,Imagine the likelihood of occurrence for each event on a vague probability scale (e.g., very likely, somewhat likely, not likely).","Think about all events at the same time, and then come up with a full ranking simultaneously."
"75","5eecde3471f81d09ed5b82c4","pair","NA _ NA _ NA _ NA"," _  _  _ "," _  _  _ ","-","1 _ 4 _ 3 _ 2","4 _ 1 _ 3 _ 2","2 _ 1 _ 3 _ 4","conjunction_disjunction_marginal","NA _ NA _ NA _ NA"," _  _  _ "," _  _  _ ","-","1 _ 4 _ 3 _ 2","1 _ 2 _ 3 _ 4","1 _ 2 _ 3 _ 4","marginal_disjunction_conjunction","4 _ 1 _ 2 _ 3","4 _ 2 _ 3 _ 1","4 _ 3 _ 2 _ 1","marginal_conjunction_disjunction","NA _ NA _ NA _ NA"," _  _  _ "," _  _  _ ","-","1 _ 4 _ 3 _ 2","2 _ 1 _ 3 _ 4","2 _ 1 _ 3 _ 4","marginal_conjunction_disjunction","NA _ NA _ NA _ NA"," _  _  _ "," _  _  _ ","-",4,"1884","Recall or imagine the frequencies of occurrence for each event within some timescale (e.g., twice per year).","Pick two events from the provide­­d sets of events and perform a pairwise comparison. Sort out the full ranking from a series of pairwise comparison results.,Think about more than two events at the same time and come up with rankings for these events simultaneously. Sort out the full rankings based on these rankings."
"76","5d6cfaed8cb0f70001b1fc5c","pair","NA _ NA _ NA _ NA"," _  _  _ "," _  _  _ ","-","NA _ NA _ NA _ NA"," _  _  _ "," _  _  _ ","-","4 _ 1 _ 3 _ 2","4 _ 1 _ 3 _ 2","4 _ 3 _ 2 _ 1","marginal_conjunction_disjunction","1 _ 4 _ 3 _ 2","2 _ 1 _ 4 _ 3","1 _ 2 _ 4 _ 3","marginal_conjunction_disjunction","NA _ NA _ NA _ NA"," _  _  _ "," _  _  _ ","-","4 _ 1 _ 3 _ 2","4 _ 2 _ 3 _ 1","4 _ 2 _ 3 _ 1","disjunction_marginal_conjunction","NA _ NA _ NA _ NA"," _  _  _ "," _  _  _ ","-","1 _ 4 _ 3 _ 2","3 _ 1 _ 4 _ 2","2 _ 1 _ 4 _ 3","marginal_disjunction_conjunction",2,"1585","Imagine the likelihood of occurrence for each event on a vague probability scale (e.g., very likely, somewhat likely, not likely).","Pick two events from the provide­­d sets of events and perform a pairwise comparison. Sort out the full ranking from a series of pairwise comparison results."
"77","5cdc128447c1d4001af7f7a6","full"," _  _  _ "," _  _  _ "," _  _  _ ","-"," _  _  _ "," _  _  _ "," _  _  _ ","-","4 _ 2 _ 3 _ 1","3 _ 4 _ 2 _ 1","2 _ 3 _ 4 _ 1","disjunction_marginal_conjunction","2 _ 4 _ 1 _ 3","1 _ 3 _ 2 _ 4","1 _ 2 _ 3 _ 4","disjunction_marginal_conjunction","_","_","_","-","4 _ 1 _ 2 _ 3","4 _ 3 _ 1 _ 2","2 _ 4 _ 1 _ 3","marginal_disjunction_conjunction"," _  _  _ "," _  _  _ "," _  _  _ ","-"," _  _  _ "," _  _  _ "," _  _  _ ","-",2,"1382","Imagine the likelihood of occurrence for each event on a vague probability scale (e.g., very likely, somewhat likely, not likely).","Think about more than two events at the same time and come up with rankings for these events simultaneously. Sort out the full rankings based on these rankings."
"78","5e8632aaf2ece7251ee23c79","pair","1 _ 4 _ 2 _ 3","1 _ 2 _ 3 _ 4","1 _ 2 _ 4 _ 3","marginal_disjunction_conjunction","NA _ NA _ NA _ NA"," _  _  _ "," _  _  _ ","-","4 _ 1 _ 3 _ 2","3 _ 2 _ 4 _ 1","4 _ 1 _ 3 _ 2","marginal_conjunction_disjunction","NA _ NA _ NA _ NA"," _  _  _ "," _  _  _ ","-","NA _ NA _ NA _ NA"," _  _  _ "," _  _  _ ","-","3 _ 2 _ 4 _ 1","4 _ 3 _ 2 _ 1","3 _ 2 _ 4 _ 1","marginal_conjunction_disjunction","2 _ 3 _ 4 _ 1","2 _ 1 _ 4 _ 3","4 _ 3 _ 2 _ 1","disjunction_marginal_conjunction","NA _ NA _ NA _ NA"," _  _  _ "," _  _  _ ","-",7,"1190","Imagine the likelihood of occurrence for each event on a probability scale from 0% to 100%.","Pick two events from the provide­­d sets of events and perform a pairwise comparison. Sort out the full ranking from a series of pairwise comparison results."
"79","5ce2d3e491250a00018e04f4","pair","1 _ 4 _ 2 _ 3","1 _ 2 _ 3 _ 4","1 _ 2 _ 3 _ 4","conjunction_disjunction_marginal","3 _ 2 _ 4 _ 1","4 _ 2 _ 3 _ 1","4 _ 3 _ 2 _ 1","marginal_conjunction_disjunction","NA _ NA _ NA _ NA"," _  _  _ "," _  _  _ ","-","NA _ NA _ NA _ NA"," _  _  _ "," _  _  _ ","-","NA _ NA _ NA _ NA"," _  _  _ "," _  _  _ ","-","4 _ 1 _ 3 _ 2","4 _ 2 _ 3 _ 1","4 _ 2 _ 3 _ 1","marginal_disjunction_conjunction","3 _ 2 _ 4 _ 1","4 _ 2 _ 3 _ 1","4 _ 2 _ 3 _ 1","disjunction_conjunction_marginal","NA _ NA _ NA _ NA"," _  _  _ "," _  _  _ ","-",4,"2222","Imagine the likelihood of occurrence for each event on a probability scale from 0% to 100%.","Pick two events from the provide­­d sets of events and perform a pairwise comparison. Sort out the full ranking from a series of pairwise comparison results."
"80","5e0f66a9258f88000ceb1827","pair","NA _ NA _ NA _ NA"," _  _  _ "," _  _  _ ","-","NA _ NA _ NA _ NA"," _  _  _ "," _  _  _ ","-","3 _ 2 _ 1 _ 4","2 _ 4 _ 3 _ 1","2 _ 4 _ 1 _ 3","conjunction_marginal_disjunction","1 _ 4 _ 3 _ 2","2 _ 1 _ 4 _ 3","3 _ 1 _ 4 _ 2","disjunction_conjunction_marginal","2 _ 3 _ 4 _ 1","4 _ 1 _ 3 _ 2","3 _ 2 _ 4 _ 1","marginal_conjunction_disjunction","NA _ NA _ NA _ NA"," _  _  _ "," _  _  _ ","-","NA _ NA _ NA _ NA"," _  _  _ "," _  _  _ ","-","4 _ 1 _ 2 _ 3","3 _ 4 _ 1 _ 2","3 _ 4 _ 1 _ 2","disjunction_conjunction_marginal",1,"2154","Imagine the likelihood of occurrence for each event on a vague probability scale (e.g., very likely, somewhat likely, not likely).","Think about all events at the same time, and then come up with a full ranking simultaneously."
"81","5eaa6602997ece2013491199","pair","NA _ NA _ NA _ NA"," _  _  _ "," _  _  _ ","-","3 _ 2 _ 1 _ 4","1 _ 2 _ 3 _ 4","1 _ 3 _ 4 _ 2","marginal_disjunction_conjunction","NA _ NA _ NA _ NA"," _  _  _ "," _  _  _ ","-","3 _ 2 _ 1 _ 4","2 _ 3 _ 1 _ 4","1 _ 2 _ 4 _ 3","conjunction_disjunction_marginal","NA _ NA _ NA _ NA"," _  _  _ "," _  _  _ ","-","NA _ NA _ NA _ NA"," _  _  _ "," _  _  _ ","-","1 _ 4 _ 2 _ 3","1 _ 2 _ 3 _ 4","1 _ 3 _ 4 _ 2","marginal_conjunction_disjunction","1 _ 4 _ 3 _ 2","3 _ 1 _ 4 _ 2","1 _ 4 _ 2 _ 3","disjunction_marginal_conjunction",2,"1950","Imagine the likelihood of occurrence for each event on a probability scale from 0% to 100%.,Imagine the likelihood of occurrence for each event on a vague probability scale (e.g., very likely, somewhat likely, not likely).","Pick two events from the provide­­d sets of events and perform a pairwise comparison. Sort out the full ranking from a series of pairwise comparison results.,Think about all events at the same time, and then come up with a full ranking simultaneously."
"82","5ef25caf94d4820bc4fe289b","full","1 _ 2 _ 3 _ 4","2 _ 4 _ 1 _ 3","1 _ 2 _ 3 _ 4","disjunction_conjunction_marginal"," _  _  _ "," _  _  _ "," _  _  _ ","-","4 _ 1 _ 3 _ 2","1 _ 4 _ 3 _ 2","3 _ 4 _ 2 _ 1","conjunction_marginal_disjunction"," _  _  _ "," _  _  _ "," _  _  _ ","-","_","_","_","-","4 _ 1 _ 3 _ 2","4 _ 3 _ 2 _ 1","3 _ 4 _ 2 _ 1","marginal_conjunction_disjunction"," _  _  _ "," _  _  _ "," _  _  _ ","-","1 _ 3 _ 2 _ 4","1 _ 2 _ 4 _ 3","1 _ 2 _ 3 _ 4","marginal_disjunction_conjunction",2,"1749","Imagine the likelihood of occurrence for each event on a probability scale from 0% to 100%.,Recall or imagine the frequencies of occurrence for each event within some timescale (e.g., twice per year).,Imagine the likelihood of occurrence for each event on a vague probability scale (e.g., very likely, somewhat likely, not likely).","Think about all events at the same time, and then come up with a full ranking simultaneously."
"83","5b38a184dd6af000014ced7f","full"," _  _  _ "," _  _  _ "," _  _  _ ","-","1 _ 2 _ 3 _ 4","2 _ 1 _ 4 _ 3","2 _ 1 _ 4 _ 3","disjunction_conjunction_marginal","3 _ 2 _ 4 _ 1","4 _ 2 _ 3 _ 1","3 _ 2 _ 4 _ 1","disjunction_conjunction_marginal"," _  _  _ "," _  _  _ "," _  _  _ ","-","_","_","_","-"," _  _  _ "," _  _  _ "," _  _  _ ","-"," _  _  _ "," _  _  _ "," _  _  _ ","-","4 _ 1 _ 2 _ 3","3 _ 4 _ 1 _ 2","3 _ 4 _ 1 _ 2","marginal_conjunction_disjunction",5,"1907","Imagine the likelihood of occurrence for each event on a probability scale from 0% to 100%.,Recall or imagine the frequencies of occurrence for each event within some timescale (e.g., twice per year).","Pick two events from the provide­­d sets of events and perform a pairwise comparison. Sort out the full ranking from a series of pairwise comparison results."
"84","5ed63dfa784b9304ab3deb04","full"," _  _  _ "," _  _  _ "," _  _  _ ","-","1 _ 3 _ 2 _ 4","1 _ 3 _ 2 _ 4","1 _ 2 _ 4 _ 3","disjunction_conjunction_marginal"," _  _  _ "," _  _  _ "," _  _  _ ","-","1 _ 3 _ 4 _ 2","2 _ 1 _ 4 _ 3","2 _ 1 _ 4 _ 3","marginal_conjunction_disjunction","_","_","_","-"," _  _  _ "," _  _  _ "," _  _  _ ","-","2 _ 3 _ 4 _ 1","4 _ 3 _ 2 _ 1","4 _ 2 _ 3 _ 1","disjunction_conjunction_marginal","1 _ 4 _ 2 _ 3","1 _ 2 _ 3 _ 4","1 _ 2 _ 3 _ 4","disjunction_marginal_conjunction",6,"1089","Imagine the likelihood of occurrence for each event on a probability scale from 0% to 100%.,Imagine the likelihood of occurrence for each event on a vague probability scale (e.g., very likely, somewhat likely, not likely).","Think about more than two events at the same time and come up with rankings for these events simultaneously. Sort out the full rankings based on these rankings."
"85","5f10d17b23ada513eb02c27c","pair","4 _ 1 _ 3 _ 2","4 _ 3 _ 2 _ 1","4 _ 3 _ 2 _ 1","disjunction_conjunction_marginal","3 _ 2 _ 4 _ 1","4 _ 1 _ 3 _ 2","2 _ 3 _ 4 _ 1","conjunction_disjunction_marginal","NA _ NA _ NA _ NA"," _  _  _ "," _  _  _ ","-","NA _ NA _ NA _ NA"," _  _  _ "," _  _  _ ","-","2 _ 3 _ 1 _ 4","1 _ 3 _ 2 _ 4","1 _ 3 _ 2 _ 4","marginal_disjunction_conjunction","3 _ 2 _ 4 _ 1","4 _ 3 _ 2 _ 1","4 _ 3 _ 2 _ 1","conjunction_disjunction_marginal","NA _ NA _ NA _ NA"," _  _  _ "," _  _  _ ","-","NA _ NA _ NA _ NA"," _  _  _ "," _  _  _ ","-",2,"1467","Recall or imagine the frequencies of occurrence for each event within some timescale (e.g., twice per year).,Imagine the likelihood of occurrence for each event on a vague probability scale (e.g., very likely, somewhat likely, not likely).","Pick two events from the provide­­d sets of events and perform a pairwise comparison. Sort out the full ranking from a series of pairwise comparison results.,Think about all events at the same time, and then come up with a full ranking simultaneously."
"86","5eff4206a352be49f1aef4cc","pair","1 _ 4 _ 2 _ 3","1 _ 3 _ 2 _ 4","1 _ 2 _ 3 _ 4","conjunction_marginal_disjunction","1 _ 4 _ 3 _ 2","2 _ 1 _ 3 _ 4","1 _ 2 _ 4 _ 3","conjunction_marginal_disjunction","NA _ NA _ NA _ NA"," _  _  _ "," _  _  _ ","-","NA _ NA _ NA _ NA"," _  _  _ "," _  _  _ ","-","4 _ 1 _ 2 _ 3","3 _ 4 _ 1 _ 2","4 _ 1 _ 2 _ 3","marginal_disjunction_conjunction","4 _ 1 _ 3 _ 2","3 _ 2 _ 4 _ 1","2 _ 1 _ 3 _ 4","marginal_disjunction_conjunction","NA _ NA _ NA _ NA"," _  _  _ "," _  _  _ ","-","NA _ NA _ NA _ NA"," _  _  _ "," _  _  _ ","-",5,"2121","Imagine the likelihood of occurrence for each event on a vague probability scale (e.g., very likely, somewhat likely, not likely).","Think about all events at the same time, and then come up with a full ranking simultaneously."
"87","5eaae48894edd2063c1de72e","pair","1 _ 4 _ 2 _ 3","3 _ 1 _ 2 _ 4","3 _ 2 _ 1 _ 4","conjunction_disjunction_marginal","NA _ NA _ NA _ NA"," _  _  _ "," _  _  _ ","-","1 _ 4 _ 2 _ 3","2 _ 1 _ 3 _ 4","1 _ 3 _ 4 _ 2","disjunction_marginal_conjunction","NA _ NA _ NA _ NA"," _  _  _ "," _  _  _ ","-","1 _ 4 _ 2 _ 3","1 _ 3 _ 2 _ 4","1 _ 3 _ 2 _ 4","conjunction_disjunction_marginal","NA _ NA _ NA _ NA"," _  _  _ "," _  _  _ ","-","2 _ 3 _ 1 _ 4","1 _ 3 _ 2 _ 4","1 _ 3 _ 2 _ 4","marginal_disjunction_conjunction","NA _ NA _ NA _ NA"," _  _  _ "," _  _  _ ","-",4,"2337","Imagine the likelihood of occurrence for each event on a probability scale from 0% to 100%.,Recall or imagine the frequencies of occurrence for each event within some timescale (e.g., twice per year).","Pick two events from the provide­­d sets of events and perform a pairwise comparison. Sort out the full ranking from a series of pairwise comparison results."
"88","5ed396514bb017204ab2beba","pair","NA _ NA _ NA _ NA"," _  _  _ "," _  _  _ ","-","NA _ NA _ NA _ NA"," _  _  _ "," _  _  _ ","-","1 _ 4 _ 3 _ 2","3 _ 4 _ 1 _ 2","4 _ 3 _ 1 _ 2","disjunction_conjunction_marginal","2 _ 3 _ 4 _ 1","3 _ 1 _ 4 _ 2","2 _ 1 _ 4 _ 3","marginal_conjunction_disjunction","3 _ 2 _ 4 _ 1","4 _ 2 _ 1 _ 3","3 _ 2 _ 4 _ 1","disjunction_conjunction_marginal","NA _ NA _ NA _ NA"," _  _  _ "," _  _  _ ","-","NA _ NA _ NA _ NA"," _  _  _ "," _  _  _ ","-","4 _ 1 _ 3 _ 2","3 _ 2 _ 4 _ 1","1 _ 2 _ 3 _ 4","disjunction_conjunction_marginal",7,"2035","Imagine the likelihood of occurrence for each event on a probability scale from 0% to 100%.,Recall or imagine the frequencies of occurrence for each event within some timescale (e.g., twice per year).","Pick two events from the provide­­d sets of events and perform a pairwise comparison. Sort out the full ranking from a series of pairwise comparison results.,Think about all events at the same time, and then come up with a full ranking simultaneously."
"89","5f226f89a1a41d725a593339","full"," _  _  _ "," _  _  _ "," _  _  _ ","-","1 _ 4 _ 3 _ 2","2 _ 1 _ 4 _ 3","2 _ 1 _ 3 _ 4","marginal_disjunction_conjunction","3 _ 2 _ 4 _ 1","1 _ 4 _ 3 _ 2","4 _ 3 _ 2 _ 1","conjunction_marginal_disjunction"," _  _  _ "," _  _  _ "," _  _  _ ","-","_","_","_","-"," _  _  _ "," _  _  _ "," _  _  _ ","-","3 _ 2 _ 4 _ 1","4 _ 2 _ 3 _ 1","4 _ 2 _ 3 _ 1","marginal_disjunction_conjunction","4 _ 1 _ 3 _ 2","4 _ 3 _ 2 _ 1","4 _ 3 _ 2 _ 1","marginal_conjunction_disjunction",7,"2357","Imagine the likelihood of occurrence for each event on a probability scale from 0% to 100%.,Imagine the likelihood of occurrence for each event on a vague probability scale (e.g., very likely, somewhat likely, not likely).","Pick two events from the provide­­d sets of events and perform a pairwise comparison. Sort out the full ranking from a series of pairwise comparison results.,Think about all events at the same time, and then come up with a full ranking simultaneously."
"90","5d77e24ce3a822001b553c07","full","2 _ 3 _ 4 _ 1","1 _ 4 _ 3 _ 2","1 _ 4 _ 3 _ 2","disjunction_conjunction_marginal","1 _ 3 _ 2 _ 4","1 _ 2 _ 3 _ 4","1 _ 3 _ 2 _ 4","marginal_conjunction_disjunction"," _  _  _ "," _  _  _ "," _  _  _ ","-"," _  _  _ "," _  _  _ "," _  _  _ ","-","_","_","_","-"," _  _  _ "," _  _  _ "," _  _  _ ","-","1 _ 3 _ 2 _ 4","3 _ 1 _ 4 _ 2","4 _ 1 _ 3 _ 2","marginal_conjunction_disjunction"," _  _  _ "," _  _  _ "," _  _  _ ","-",1,"2009","Imagine the likelihood of occurrence for each event on a vague probability scale (e.g., very likely, somewhat likely, not likely).","Think about all events at the same time, and then come up with a full ranking simultaneously."
"91","5ede17df5600b50241a7443d","pair","NA _ NA _ NA _ NA"," _  _  _ "," _  _  _ ","-","2 _ 3 _ 4 _ 1","3 _ 1 _ 4 _ 2","3 _ 1 _ 4 _ 2","conjunction_marginal_disjunction","NA _ NA _ NA _ NA"," _  _  _ "," _  _  _ ","-","1 _ 4 _ 3 _ 2","3 _ 1 _ 2 _ 4","2 _ 1 _ 4 _ 3","marginal_disjunction_conjunction","4 _ 1 _ 3 _ 2","2 _ 3 _ 4 _ 1","4 _ 2 _ 3 _ 1","conjunction_marginal_disjunction","4 _ 1 _ 3 _ 2","3 _ 2 _ 4 _ 1","4 _ 2 _ 3 _ 1","marginal_conjunction_disjunction","NA _ NA _ NA _ NA"," _  _  _ "," _  _  _ ","-","NA _ NA _ NA _ NA"," _  _  _ "," _  _  _ ","-",4,"2355","Imagine the likelihood of occurrence for each event on a vague probability scale (e.g., very likely, somewhat likely, not likely).","Think about more than two events at the same time and come up with rankings for these events simultaneously. Sort out the full rankings based on these rankings."
"92","5cefbe6f1234ed0001970821","pair","NA _ NA _ NA _ NA"," _  _  _ "," _  _  _ ","-","NA _ NA _ NA _ NA"," _  _  _ "," _  _  _ ","-","2 _ 3 _ 1 _ 4","1 _ 3 _ 4 _ 2","1 _ 3 _ 2 _ 4","marginal_conjunction_disjunction","1 _ 4 _ 3 _ 2","3 _ 1 _ 2 _ 4","1 _ 3 _ 2 _ 4","marginal_disjunction_conjunction","3 _ 2 _ 1 _ 4","2 _ 4 _ 1 _ 3","2 _ 3 _ 1 _ 4","conjunction_marginal_disjunction","NA _ NA _ NA _ NA"," _  _  _ "," _  _  _ ","-","NA _ NA _ NA _ NA"," _  _  _ "," _  _  _ ","-","2 _ 3 _ 1 _ 4","1 _ 3 _ 2 _ 4","1 _ 3 _ 2 _ 4","marginal_disjunction_conjunction",4,"2579","Imagine the likelihood of occurrence for each event on a vague probability scale (e.g., very likely, somewhat likely, not likely).","Pick two events from the provide­­d sets of events and perform a pairwise comparison. Sort out the full ranking from a series of pairwise comparison results."
"93","5d443c780344ad00196b138c","full","1 _ 3 _ 2 _ 4","1 _ 4 _ 2 _ 3","1 _ 2 _ 3 _ 4","conjunction_marginal_disjunction"," _  _  _ "," _  _  _ "," _  _  _ ","-","3 _ 1 _ 4 _ 2","4 _ 3 _ 2 _ 1","4 _ 3 _ 2 _ 1","disjunction_marginal_conjunction"," _  _  _ "," _  _  _ "," _  _  _ ","-","_","_","_","-","4 _ 3 _ 1 _ 2","4 _ 3 _ 1 _ 2","3 _ 4 _ 1 _ 2","disjunction_marginal_conjunction","1 _ 3 _ 2 _ 4","1 _ 4 _ 3 _ 2","1 _ 4 _ 2 _ 3","conjunction_marginal_disjunction"," _  _  _ "," _  _  _ "," _  _  _ ","-",5,"3010","Imagine the likelihood of occurrence for each event on a vague probability scale (e.g., very likely, somewhat likely, not likely).","Think about more than two events at the same time and come up with rankings for these events simultaneously. Sort out the full rankings based on these rankings."
"94","5f1705733abc1c02b11c85f9","full","2 _ 4 _ 1 _ 3","1 _ 2 _ 3 _ 4","2 _ 3 _ 1 _ 4","disjunction_marginal_conjunction"," _  _  _ "," _  _  _ "," _  _  _ ","-"," _  _  _ "," _  _  _ "," _  _  _ ","-","2 _ 4 _ 3 _ 1","2 _ 1 _ 4 _ 3","4 _ 3 _ 2 _ 1","conjunction_marginal_disjunction","_","_","_","-","1 _ 4 _ 2 _ 3","1 _ 2 _ 4 _ 3","3 _ 1 _ 4 _ 2","marginal_disjunction_conjunction","4 _ 1 _ 2 _ 3","2 _ 4 _ 1 _ 3","3 _ 4 _ 1 _ 2","marginal_disjunction_conjunction"," _  _  _ "," _  _  _ "," _  _  _ ","-",4,"2793","Imagine the likelihood of occurrence for each event on a probability scale from 0% to 100%.,Recall or imagine the frequencies of occurrence for each event within some timescale (e.g., twice per year).,Imagine the likelihood of occurrence for each event on a vague probability scale (e.g., very likely, somewhat likely, not likely).,Use other strategies to infer the likelihoods. Please specify in the box below:","Think about more than two events at the same time and come up with rankings for these events simultaneously. Sort out the full rankings based on these rankings.,Think about all events at the same time, and then come up with a full ranking simultaneously."
"95","5f227527667206737350c7c3","full","3 _ 4 _ 1 _ 2","1 _ 3 _ 2 _ 4","1 _ 4 _ 2 _ 3","conjunction_disjunction_marginal","1 _ 4 _ 2 _ 3","1 _ 3 _ 4 _ 2","1 _ 2 _ 3 _ 4","disjunction_marginal_conjunction"," _  _  _ "," _  _  _ "," _  _  _ ","-"," _  _  _ "," _  _  _ "," _  _  _ ","-","_","_","_","-","1 _ 3 _ 2 _ 4","1 _ 3 _ 2 _ 4","1 _ 4 _ 2 _ 3","marginal_disjunction_conjunction"," _  _  _ "," _  _  _ "," _  _  _ ","-"," _  _  _ "," _  _  _ "," _  _  _ ","-",4,"3161","Imagine the likelihood of occurrence for each event on a vague probability scale (e.g., very likely, somewhat likely, not likely).","Pick two events from the provide­­d sets of events and perform a pairwise comparison. Sort out the full ranking from a series of pairwise comparison results."
"96","5ef5f41057d20b063e921380","pair","NA _ NA _ NA _ NA"," _  _  _ "," _  _  _ ","-","NA _ NA _ NA _ NA"," _  _  _ "," _  _  _ ","-","3 _ 2 _ 4 _ 1","4 _ 1 _ 3 _ 2","4 _ 2 _ 3 _ 1","marginal_conjunction_disjunction","4 _ 1 _ 3 _ 2","4 _ 3 _ 2 _ 1","4 _ 3 _ 2 _ 1","marginal_conjunction_disjunction","NA _ NA _ NA _ NA"," _  _  _ "," _  _  _ ","-","NA _ NA _ NA _ NA"," _  _  _ "," _  _  _ ","-","1 _ 4 _ 3 _ 2","2 _ 1 _ 4 _ 3","2 _ 1 _ 4 _ 3","marginal_conjunction_disjunction","2 _ 3 _ 1 _ 4","1 _ 3 _ 2 _ 4","1 _ 3 _ 2 _ 4","marginal_disjunction_conjunction",6,"3019","Imagine the likelihood of occurrence for each event on a probability scale from 0% to 100%.","Think about all events at the same time, and then come up with a full ranking simultaneously."
"97","5c1bc4d38977ca0001cc2ecd","full"," _  _  _ "," _  _  _ "," _  _  _ ","-","3 _ 2 _ 4 _ 1","4 _ 3 _ 2 _ 1","4 _ 2 _ 3 _ 1","conjunction_disjunction_marginal"," _  _  _ "," _  _  _ "," _  _  _ ","-","1 _ 2 _ 4 _ 3","3 _ 1 _ 4 _ 2","3 _ 1 _ 4 _ 2","marginal_disjunction_conjunction","_","_","_","-","3 _ 2 _ 4 _ 1","4 _ 2 _ 3 _ 1","4 _ 2 _ 3 _ 1","marginal_disjunction_conjunction","2 _ 3 _ 4 _ 1","3 _ 1 _ 4 _ 2","3 _ 1 _ 4 _ 2","disjunction_conjunction_marginal"," _  _  _ "," _  _  _ "," _  _  _ ","-",5,"4062","Imagine the likelihood of occurrence for each event on a probability scale from 0% to 100%.,Imagine the likelihood of occurrence for each event on a vague probability scale (e.g., very likely, somewhat likely, not likely).","Think about all events at the same time, and then come up with a full ranking simultaneously."
"98","5eac3b9d594017087b3788af","full","3 _ 2 _ 4 _ 1","1 _ 2 _ 3 _ 4","1 _ 3 _ 2 _ 4","conjunction_disjunction_marginal"," _  _  _ "," _  _  _ "," _  _  _ ","-","4 _ 1 _ 3 _ 2","1 _ 3 _ 4 _ 2","4 _ 3 _ 2 _ 1","marginal_disjunction_conjunction"," _  _  _ "," _  _  _ "," _  _  _ ","-","_","_","_","-"," _  _  _ "," _  _  _ "," _  _  _ ","-"," _  _  _ "," _  _  _ "," _  _  _ ","-","2 _ 3 _ 1 _ 4","1 _ 2 _ 4 _ 3","2 _ 3 _ 1 _ 4","disjunction_marginal_conjunction",6,"821","Imagine the likelihood of occurrence for each event on a vague probability scale (e.g., very likely, somewhat likely, not likely).","Pick two events from the provide­­d sets of events and perform a pairwise comparison. Sort out the full ranking from a series of pairwise comparison results."
"99","5e3bd31872816e000ac86ae6","pair","NA _ NA _ NA _ NA"," _  _  _ "," _  _  _ ","-","1 _ 4 _ 2 _ 3","1 _ 4 _ 3 _ 2","1 _ 3 _ 2 _ 4","conjunction_marginal_disjunction","4 _ 1 _ 3 _ 2","1 _ 2 _ 3 _ 4","1 _ 3 _ 4 _ 2","conjunction_marginal_disjunction","NA _ NA _ NA _ NA"," _  _  _ "," _  _  _ ","-","4 _ 1 _ 3 _ 2","4 _ 3 _ 2 _ 1","3 _ 4 _ 2 _ 1","marginal_disjunction_conjunction","NA _ NA _ NA _ NA"," _  _  _ "," _  _  _ ","-","1 _ 4 _ 3 _ 2","2 _ 1 _ 4 _ 3","2 _ 1 _ 4 _ 3","disjunction_marginal_conjunction","NA _ NA _ NA _ NA"," _  _  _ "," _  _  _ ","-",1,"1540","Imagine the likelihood of occurrence for each event on a probability scale from 0% to 100%.","Pick two events from the provide­­d sets of events and perform a pairwise comparison. Sort out the full ranking from a series of pairwise comparison results."
"100","5ee3aa144039c804fb24478c","full"," _  _  _ "," _  _  _ "," _  _  _ ","-"," _  _  _ "," _  _  _ "," _  _  _ ","-","2 _ 3 _ 1 _ 4","2 _ 4 _ 1 _ 3","3 _ 1 _ 4 _ 2","disjunction_marginal_conjunction","1 _ 4 _ 3 _ 2","2 _ 1 _ 4 _ 3","3 _ 1 _ 4 _ 2","marginal_conjunction_disjunction","_","_","_","-","3 _ 2 _ 4 _ 1","4 _ 2 _ 3 _ 1","4 _ 2 _ 3 _ 1","disjunction_conjunction_marginal"," _  _  _ "," _  _  _ "," _  _  _ ","-"," _  _  _ "," _  _  _ "," _  _  _ ","-",7,"1958","Imagine the likelihood of occurrence for each event on a vague probability scale (e.g., very likely, somewhat likely, not likely).","Use other strategies to create the ranking. Please specify in the box below:"
