"","P(A)_P(¬A)_P(B)_P(¬B)","P(A^B)_P(A^¬B)_P(¬A^B)_P(¬B^¬A)","P(A∨B)_P(A^∨B)_P(¬A∨B)_P(¬B∨¬A)"
"1","4_2_3_1","3_2_4_1","4_3_1_2"
"2","3_2_4_1","4_2_3_1","4_2_3_1"
"3","3_2_4_1","3_2_4_1","4_2_3_1"
"4","3_2_4_1","4_2_3_1","4_1_3_2"
"5","3_2_4_1","3_2_4_1","4_1_3_2"
"6","3_2_4_1","4_1_3_2","4_1_3_2"
"7","2_3_4_1","4_1_3_2","3_1_4_2"
"8","2_3_4_1","3_1_4_2","3_2_4_1"
"9","2_3_4_1","4_1_3_2","3_2_4_1"
"10","2_3_4_1","3_1_4_2","3_1_4_2"
"11","1_4_3_2","4_1_3_2","2_1_4_3"
"12","4_1_3_2","4_2_3_1","4_2_3_1"
"13","2_3_4_1","3_1_4_2","4_2_3_1"
"14","2_4_3_1","2_1_3_4","2_1_4_3"
"15","4_2_3_1","2_3_4_1","4_3_1_2"
"16","1_3_4_2","4_1_3_2","3_2_4_1"
"17","3_2_4_1","3_4_2_1","4_1_2_3"
"18","2_3_4_1","4_1_2_3","1_2_4_3"
"19","3_2_4_1","2_3_4_1","4_1_3_2"
"20","2_3_4_1","4_1_3_2","4_1_3_2"
"21","2_4_3_1","3_1_2_4","2_3_4_1"
"22","4_1_3_2","2_4_3_1","4_2_1_3"
"23","3_2_4_1","3_1_4_2","3_1_4_2"
"24","3_2_4_1","4_3_2_1","4_2_3_1"
"25","3_2_4_1","4_1_3_2","3_1_4_2"
"26","2_3_4_1","2_1_3_4","3_1_4_2"
"27","4_1_3_2","2_3_4_1","4_3_1_2"
"28","2_3_4_1","4_2_3_1","3_1_4_2"
"29","2_3_4_1","4_1_2_3","2_3_4_1"
"30","3_1_4_2","4_3_2_1","4_2_1_3"
"31","2_3_4_1","3_2_4_1","4_1_3_2"
"32","2_3_4_1","3_1_2_4","2_1_4_3"
"33","3_2_4_1","3_4_2_1","4_3_2_1"
"34","2_3_4_1","3_1_4_2","4_1_3_2"
"35","2_3_4_1","2_1_3_4","2_1_4_3"
"36","4_1_3_2","3_4_2_1","4_2_3_1"
"37","2_4_3_1","3_1_4_2","2_1_4_3"
"38","4_1_3_2","3_4_2_1","4_1_3_2"
"39","3_2_4_1","3_1_4_2","3_2_4_1"
"40","2_3_4_1","2_1_3_4","2_3_4_1"
"41","2_3_4_1","3_2_4_1","4_2_3_1"
"42","2_4_3_1","4_1_3_2","1_2_4_3"
"43","4_2_3_1","4_3_2_1","4_2_3_1"
"44","2_3_4_1","3_1_2_4","1_3_4_2"
"45","3_1_4_2","4_2_3_1","4_1_3_2"
"46","1_4_3_2","3_1_4_2","3_2_4_1"
"47","4_2_3_1","2_4_3_1","4_2_1_3"
"48","1_3_4_2","4_1_2_3","3_1_4_2"
"49","3_1_4_2","2_4_3_1","4_2_3_1"
"50","2_3_4_1","3_2_4_1","3_2_4_1"
"51","3_1_4_2","2_4_3_1","4_1_3_2"
"52","2_3_4_1","4_1_3_2","2_3_4_1"
"53","3_1_4_2","3_4_2_1","4_2_3_1"
"54","2_4_3_1","4_1_2_3","1_2_4_3"
"55","1_4_3_2","3_1_2_4","2_3_4_1"
"56","4_2_3_1","4_3_2_1","4_1_2_3"
"57","3_2_4_1","3_2_4_1","3_2_4_1"
"58","1_4_3_2","4_1_3_2","1_2_4_3"
"59","3_1_4_2","2_3_4_1","4_3_1_2"
"60","3_2_4_1","3_1_4_2","4_1_3_2"
"61","1_4_3_2","2_1_3_4","3_2_4_1"
"62","3_1_4_2","3_2_4_1","4_1_3_2"
"63","2_3_4_1","4_1_2_3","3_2_4_1"
"64","3_2_4_1","3_4_2_1","4_1_3_2"
"65","2_3_4_1","4_1_2_3","2_1_4_3"
"66","3_2_4_1","3_2_4_1","3_1_4_2"
"67","2_4_3_1","4_1_3_2","1_3_4_2"
"68","4_2_3_1","2_3_4_1","4_2_1_3"
"69","3_2_4_1","2_4_3_1","4_1_2_3"
"70","1_3_4_2","2_1_4_3","3_1_4_2"
"71","4_2_3_1","4_3_2_1","4_3_2_1"
"72","1_3_4_2","3_1_4_2","1_3_4_2"
"73","4_2_3_1","4_3_2_1","4_3_1_2"
"74","3_2_4_1","3_4_2_1","4_2_1_3"
"75","2_4_3_1","4_1_3_2","2_3_4_1"
"76","4_1_3_2","4_2_3_1","4_1_3_2"
"77","3_2_4_1","2_4_3_1","4_1_3_2"
"78","1_3_4_2","2_1_4_3","2_1_4_3"
"79","3_1_4_2","2_3_4_1","4_2_1_3"
"80","2_4_3_1","2_1_3_4","1_2_4_3"
"81","3_2_4_1","4_1_3_2","4_2_3_1"
"82","2_4_3_1","3_1_4_2","3_2_4_1"
"83","3_2_4_1","2_3_4_1","4_1_2_3"
"84","2_3_4_1","3_1_4_2","1_2_4_3"
"85","1_4_3_2","3_1_2_4","3_2_4_1"
"86","2_4_3_1","4_1_3_2","3_1_4_2"
"87","4_1_3_2","2_3_4_1","4_1_3_2"
"88","2_3_4_1","4_2_3_1","4_1_3_2"
"89","3_1_4_2","3_2_4_1","4_3_2_1"
"90","2_3_4_1","3_2_4_1","3_1_4_2"
"91","1_4_3_2","4_1_2_3","1_2_4_3"
"92","2_3_4_1","3_1_2_4","3_1_4_2"
"93","3_2_4_1","4_3_2_1","4_3_2_1"
"94","2_3_4_1","2_1_3_4","3_2_4_1"
"95","4_2_3_1","3_2_4_1","4_1_2_3"
"96","2_4_3_1","2_1_4_3","3_2_4_1"
"97","3_1_4_2","3_4_2_1","4_3_1_2"
"98","1_4_3_2","2_1_4_3","3_1_4_2"
"99","4_2_3_1","3_4_2_1","4_3_1_2"
"100","1_3_4_2","3_1_2_4","3_1_4_2"
"101","1_3_4_2","3_1_4_2","2_1_4_3"
"102","4_1_3_2","4_2_3_1","4_1_2_3"
"103","3_2_4_1","3_1_4_2","4_2_3_1"
"104","2_3_4_1","2_1_4_3","1_2_4_3"
"105","4_2_3_1","4_2_3_1","4_3_2_1"
"106","2_4_3_1","2_1_3_4","3_1_4_2"
"107","4_2_3_1","3_4_2_1","4_2_1_3"
"108","1_4_3_2","4_1_3_2","2_3_4_1"
"109","2_3_4_1","2_1_4_3","3_2_4_1"
"110","3_1_4_2","3_2_4_1","4_2_1_3"
"111","2_3_4_1","4_2_3_1","4_2_3_1"
"112","3_1_4_2","2_4_3_1","4_3_2_1"
"113","2_4_3_1","3_1_4_2","1_2_4_3"
"114","3_2_4_1","2_3_4_1","4_2_1_3"
"115","3_2_4_1","4_2_3_1","3_1_4_2"
"116","2_3_4_1","3_1_2_4","2_3_4_1"
"117","4_2_3_1","4_3_2_1","4_2_1_3"
"118","1_4_3_2","4_1_2_3","2_1_4_3"
"119","4_1_3_2","4_3_2_1","4_1_3_2"
"120","2_3_4_1","4_1_3_2","2_1_4_3"
"121","1_4_3_2","3_1_4_2","3_1_4_2"
"122","3_1_4_2","3_4_2_1","4_2_1_3"
"123","2_3_4_1","4_1_3_2","4_2_3_1"
"124","1_3_4_2","3_1_2_4","2_3_4_1"
"125","3_2_4_1","4_2_3_1","4_3_1_2"
"126","1_3_4_2","2_1_4_3","3_2_4_1"
"127","1_3_4_2","4_1_3_2","3_1_4_2"
"128","2_4_3_1","3_1_4_2","1_3_4_2"
"129","4_2_3_1","3_4_2_1","4_2_3_1"
"130","2_4_3_1","4_1_2_3","2_3_4_1"
"131","3_2_4_1","3_4_2_1","4_3_1_2"
"132","1_4_3_2","2_1_4_3","1_2_4_3"
"133","3_2_4_1","3_2_4_1","4_1_2_3"
"134","4_2_3_1","4_2_3_1","4_1_3_2"
"135","1_3_4_2","2_1_3_4","1_2_4_3"
"136","3_1_4_2","4_2_3_1","4_2_3_1"
"137","3_2_4_1","4_2_3_1","3_2_4_1"
"138","4_1_3_2","2_3_4_1","4_3_2_1"
"139","1_3_4_2","2_1_3_4","1_3_4_2"
"140","4_2_3_1","2_4_3_1","4_3_1_2"
"141","2_4_3_1","4_1_3_2","3_2_4_1"
"142","2_3_4_1","4_2_3_1","3_2_4_1"
"143","1_4_3_2","2_1_4_3","3_2_4_1"
"144","3_1_4_2","4_3_2_1","4_3_1_2"
"145","3_1_4_2","3_4_2_1","4_3_2_1"
"146","3_2_4_1","4_2_3_1","4_1_2_3"
"147","2_3_4_1","4_1_3_2","1_3_4_2"
"148","4_1_3_2","4_2_3_1","4_2_1_3"
"149","2_4_3_1","4_1_2_3","3_1_4_2"
"150","2_3_4_1","2_1_4_3","2_1_4_3"
"151","4_1_3_2","2_4_3_1","4_1_3_2"
"152","2_4_3_1","2_1_4_3","3_1_4_2"
"153","4_1_3_2","2_4_3_1","4_3_1_2"
"154","1_3_4_2","2_1_3_4","2_1_4_3"
"155","4_1_3_2","3_2_4_1","4_2_3_1"
"156","4_1_3_2","4_2_3_1","4_3_2_1"
"157","2_4_3_1","3_1_2_4","3_2_4_1"
"158","4_2_3_1","3_2_4_1","4_3_2_1"
"159","1_4_3_2","3_1_4_2","1_2_4_3"
"160","3_2_4_1","4_3_2_1","4_3_1_2"
"161","4_1_3_2","3_2_4_1","4_3_1_2"
"162","2_4_3_1","2_1_4_3","2_1_4_3"
"163","3_2_4_1","4_3_2_1","4_2_1_3"
"164","3_2_4_1","2_3_4_1","4_2_3_1"
"165","4_1_3_2","3_4_2_1","4_2_1_3"
"166","2_3_4_1","4_1_2_3","3_1_4_2"
"167","1_4_3_2","4_1_2_3","3_1_4_2"
"168","4_2_3_1","2_3_4_1","4_3_2_1"
"169","1_4_3_2","4_1_2_3","3_2_4_1"
"170","1_3_4_2","4_1_3_2","1_2_4_3"
"171","3_2_4_1","4_3_2_1","4_1_3_2"
"172","4_2_3_1","2_3_4_1","4_1_2_3"
"173","1_3_4_2","3_1_4_2","3_2_4_1"
"174","3_1_4_2","4_3_2_1","4_3_2_1"
"175","4_2_3_1","2_4_3_1","4_1_3_2"
"176","3_2_4_1","4_1_3_2","3_2_4_1"
"177","3_1_4_2","3_4_2_1","4_1_3_2"
"178","4_1_3_2","3_4_2_1","4_3_1_2"
"179","4_1_3_2","4_3_2_1","4_3_2_1"
"180","2_3_4_1","4_1_2_3","1_3_4_2"
"181","1_4_3_2","3_1_2_4","1_3_4_2"
"182","1_4_3_2","2_1_3_4","1_3_4_2"
"183","1_4_3_2","2_1_3_4","1_2_4_3"
"184","1_4_3_2","2_1_4_3","2_1_4_3"
"185","1_4_3_2","2_1_3_4","2_1_4_3"
"186","1_4_3_2","3_1_2_4","1_2_4_3"
"187","3_1_4_2","2_4_3_1","4_1_2_3"
"188","2_3_4_1","3_1_4_2","2_1_4_3"
"189","1_3_4_2","3_1_2_4","1_3_4_2"
"190","4_1_3_2","4_3_2_1","4_2_3_1"
"191","4_1_3_2","3_4_2_1","4_3_2_1"
"192","3_2_4_1","2_4_3_1","4_2_1_3"
"193","1_3_4_2","3_1_4_2","3_1_4_2"
"194","4_1_3_2","2_4_3_1","4_1_2_3"
"195","2_3_4_1","2_1_4_3","3_1_4_2"
"196","3_1_4_2","2_3_4_1","4_1_2_3"
"197","1_3_4_2","4_1_2_3","2_3_4_1"
"198","4_1_3_2","2_3_4_1","4_1_2_3"
"199","4_1_3_2","4_3_2_1","4_3_1_2"
"200","4_2_3_1","2_4_3_1","4_1_2_3"
"201","1_4_3_2","4_1_2_3","2_3_4_1"
"202","4_2_3_1","4_2_3_1","4_2_3_1"
"203","3_1_4_2","4_2_3_1","4_3_2_1"
"204","1_4_3_2","4_1_2_3","1_3_4_2"
"205","2_4_3_1","4_1_2_3","1_3_4_2"
"206","3_1_4_2","4_3_2_1","4_2_3_1"
"207","3_2_4_1","4_2_3_1","4_3_2_1"
"208","4_1_3_2","2_3_4_1","4_2_1_3"
"209","2_4_3_1","3_1_2_4","1_3_4_2"
"210","3_1_4_2","2_4_3_1","4_2_1_3"
"211","1_4_3_2","3_1_4_2","2_1_4_3"
"212","3_2_4_1","4_1_2_3","2_3_4_1"
"213","2_3_4_1","2_3_4_1","4_1_2_3"
"214","2_3_4_1","2_3_4_1","4_1_3_2"
"215","3_2_4_1","4_1_3_2","2_3_4_1"
"216","3_2_4_1","4_1_2_3","3_2_4_1"
"217","1_3_4_2","4_1_2_3","1_3_4_2"
"218","4_1_3_2","4_3_1_2","3_4_2_1"
"219","4_1_3_2","4_2_1_3","3_4_2_1"
"220","4_1_3_2","4_2_1_3","2_4_3_1"
"221","4_1_3_2","4_3_1_2","2_4_3_1"
"222","1_4_3_2","1_2_4_3","2_1_3_4"
"223","2_3_4_1","1_3_4_2","3_1_2_4"
"224","1_4_3_2","1_2_4_3","2_1_4_3"
"225","1_4_3_2","1_3_4_2","3_1_2_4"
"226","1_4_3_2","1_2_4_3","3_1_2_4"
"227","1_4_3_2","1_3_4_2","2_1_3_4"
"228","4_1_3_2","4_3_1_2","4_3_2_1"
"229","3_2_4_1","4_2_1_3","2_4_3_1"
"230","3_1_4_2","4_1_2_3","2_3_4_1"
"231","4_1_3_2","4_3_2_1","3_4_2_1"
"232","3_1_4_2","4_1_2_3","2_4_3_1"
"233","4_1_3_2","4_2_1_3","2_3_4_1"
"234","4_2_3_1","4_2_1_3","2_3_4_1"
"235","4_2_3_1","4_1_2_3","2_4_3_1"
"236","3_2_4_1","4_2_1_3","2_3_4_1"
"237","2_3_4_1","3_2_4_1","4_1_2_3"
"238","1_4_3_2","1_3_4_2","4_1_2_3"
"239","1_4_3_2","2_1_4_3","2_1_3_4"
"240","1_3_4_2","1_3_4_2","4_1_2_3"
"241","3_2_4_1","4_1_2_3","2_4_3_1"
"242","1_4_3_2","2_3_4_1","3_1_2_4"
"243","3_1_4_2","4_2_1_3","2_3_4_1"
"244","2_4_3_1","2_3_4_1","3_1_2_4"
"245","2_4_3_1","1_3_4_2","4_1_2_3"
"246","2_4_3_1","1_3_4_2","3_1_2_4"
"247","1_4_3_2","2_3_4_1","4_1_2_3"
"248","1_3_4_2","1_3_4_2","3_1_2_4"
"249","4_1_2_3","4_3_1_2","4_3_2_1"
"250","4_1_2_3","4_3_1_2","3_4_2_1"
"251","4_1_2_3","4_2_1_3","2_4_3_1"
"252","1_2_3_4","4_1_2_3","2_3_4_1"
"253","1_4_3_2","4_1_2_3","2_4_3_1"
"254","4_1_2_3","3_4_2_1","4_3_1_2"
"255","4_1_3_2","3_4_1_2","4_3_2_1"
"256","2_4_3_1","4_1_2_3","1_4_3_2"
"257","1_4_2_3","3_1_2_4","1_3_4_2"
"258","1_2_3_4","4_2_1_3","2_3_4_1"
"259","4_1_2_3","3_4_1_2","3_4_1_2"
"260","4_1_2_3","4_2_1_3","2_3_4_1"
"261","4_1_2_3","3_1_2_4","2_4_3_1"
"262","2_1_4_3","3_1_2_4","2_3_4_1"
"263","1_3_2_4","3_1_2_4","2_4_3_1"
"264","4_1_3_2","3_4_1_2","3_4_2_1"
"265","3_4_1_2","3_1_2_4","2_4_3_1"
"266","3_2_4_1","3_1_2_4","2_3_4_1"
"267","4_1_2_3","3_4_1_2","3_4_2_1"
"268","4_3_1_2","3_2_1_4","2_3_4_1"
"269","4_1_2_3","4_3_2_1","3_4_1_2"
"270","3_1_4_2","4_1_2_3","1_4_3_2"
"271","3_4_1_2","4_2_1_3","2_3_4_1"
"272","4_1_2_3","3_4_2_1","3_4_1_2"
"273","3_2_4_1","3_2_1_4","2_3_4_1"
"274","4_1_3_2","4_3_1_2","3_4_1_2"
"275","1_3_4_2","4_1_2_3","1_4_3_2"
"276","4_3_2_1","4_1_2_3","1_4_3_2"
"277","4_1_2_3","4_2_1_3","3_4_2_1"
"278","4_2_1_3","3_1_2_4","2_4_3_1"
"279","4_1_3_2","3_4_2_1","3_4_1_2"
"280","1_2_3_4","3_2_1_4","1_4_3_2"
"281","4_1_2_3","4_3_1_2","2_4_3_1"
"282","1_3_2_4","3_2_1_4","1_4_3_2"
"283","4_1_3_2","3_4_2_1","3_4_2_1"
"284","1_3_2_4","3_2_1_4","2_3_4_1"
"285","4_2_3_1","3_2_1_4","1_3_4_2"
"286","1_2_3_4","3_1_2_4","2_4_3_1"
"287","4_1_2_3","4_3_1_2","4_3_1_2"
"288","4_2_1_3","3_1_2_4","1_3_4_2"
"289","3_2_4_1","4_2_1_3","1_4_3_2"
"290","3_2_1_4","3_1_2_4","1_4_3_2"
"291","3_1_2_4","3_2_1_4","1_4_3_2"
"292","4_1_2_3","4_3_2_1","4_3_2_1"
"293","2_1_4_3","3_2_1_4","2_3_4_1"
"294","3_2_1_4","4_1_2_3","1_3_4_2"
"295","1_4_2_3","3_1_2_4","2_4_3_1"
"296","3_2_1_4","3_1_2_4","2_4_3_1"
"297","2_1_3_4","3_1_2_4","1_4_3_2"
"298","4_3_2_1","3_1_2_4","2_4_3_1"
"299","1_2_4_3","3_1_2_4","1_3_4_2"
"300","4_1_2_3","3_4_2_1","3_4_2_1"
"301","2_3_1_4","3_1_2_4","2_3_4_1"
"302","4_3_1_2","4_1_2_3","1_3_4_2"
"303","4_3_2_1","3_2_1_4","2_3_4_1"
"304","2_4_3_1","3_1_2_4","2_4_3_1"
"305","3_2_1_4","4_2_1_3","1_4_3_2"
"306","4_1_2_3","3_4_1_2","4_3_1_2"
"307","2_3_4_1","3_1_2_4","1_4_3_2"
"308","4_1_3_2","4_3_1_2","4_3_1_2"
"309","2_1_4_3","3_1_2_4","1_4_3_2"
"310","2_4_1_3","3_1_2_4","2_4_3_1"
"311","1_3_4_2","3_2_1_4","1_4_3_2"
"312","1_3_4_2","3_1_2_4","2_4_3_1"
"313","2_3_1_4","3_2_1_4","2_4_3_1"
"314","4_1_2_3","2_4_3_1","4_3_1_2"
"315","4_1_2_3","3_4_2_1","4_2_1_3"
"316","4_1_2_3","2_4_3_1","4_2_1_3"
"317","3_1_4_2","2_1_4_3","2_4_3_1"
"318","1_4_2_3","2_1_3_4","1_3_4_2"
"319","1_4_2_3","3_1_2_4","1_2_4_3"
"320","1_4_2_3","2_1_3_4","1_2_4_3"
"321","4_2_1_3","2_4_3_1","3_2_1_4"
"322","1_4_2_3","1_3_4_2","3_1_2_4"
"323","1_4_2_3","1_2_4_3","1_2_3_4"
"324","4_1_3_2","2_4_3_1","3_2_1_4"
"325","1_4_3_2","1_2_3_4","2_1_3_4"
"326","2_1_4_3","2_3_4_1","4_1_2_3"
"327","1_4_2_3","1_2_4_3","2_1_3_4"
"328","1_4_3_2","1_2_4_3","1_2_4_3"
"329","1_4_3_2","1_2_4_3","1_2_3_4"
"330","3_4_1_2","1_3_4_2","4_2_1_3"
"331","1_4_2_3","1_2_4_3","3_1_2_4"
"332","4_2_3_1","2_3_4_1","3_2_1_4"
"333","1_2_4_3","1_3_4_2","4_1_2_3"
"334","1_4_2_3","2_1_3_4","1_2_3_4"
"335","1_3_2_4","2_4_3_1","3_1_2_4"
"336","1_4_3_2","1_2_3_4","1_2_4_3"
"337","2_3_4_1","2_4_3_1","4_2_1_3"
"338","1_4_2_3","2_1_3_4","2_1_3_4"
"339","2_1_4_3","2_3_4_1","3_1_2_4"
"340","4_2_1_3","2_4_3_1","3_1_2_4"
"341","1_4_2_3","1_3_4_2","2_1_3_4"
"342","3_2_4_1","1_3_4_2","4_2_1_3"
"343","1_4_2_3","1_2_3_4","1_2_4_3"
"344","2_4_3_1","1_4_3_2","4_1_2_3"
"345","1_2_3_4","1_3_4_2","3_1_2_4"
"346","1_4_2_3","1_3_4_2","4_1_2_3"
"347","1_4_2_3","1_2_3_4","2_1_4_3"
"348","3_1_2_4","1_3_4_2","4_2_1_3"
"349","1_4_2_3","1_2_3_4","2_1_3_4"
"350","2_4_3_1","1_3_4_2","4_2_1_3"
"351","1_4_3_2","1_2_3_4","2_1_4_3"
"352","3_2_1_4","1_3_4_2","4_1_2_3"
"353","3_2_1_4","1_3_4_2","4_2_1_3"
"354","1_4_3_2","2_1_3_4","1_2_3_4"
"355","2_4_1_3","1_3_4_2","3_1_2_4"
"356","1_4_2_3","1_2_4_3","1_2_4_3"
"357","4_3_2_1","2_4_3_1","4_2_1_3"
"358","3_4_2_1","2_3_4_1","3_1_2_4"
"359","4_1_2_3","2_3_4_1","3_2_1_4"
"360","3_2_1_4","1_3_4_2","3_1_2_4"
"361","1_4_2_3","2_1_4_3","2_1_4_3"
"362","4_3_2_1","2_3_4_1","3_1_2_4"
"363","1_4_3_2","2_1_3_4","2_1_3_4"
"364","4_1_2_3","1_3_4_2","4_1_2_3"
"365","3_1_4_2","1_3_4_2","3_1_2_4"
"366","4_2_1_3","1_3_4_2","4_1_2_3"
"367","1_4_2_3","2_1_4_3","1_2_3_4"
"368","1_4_2_3","2_4_3_1","3_1_2_4"
"369","2_4_3_1","2_4_3_1","3_2_1_4"
"370","3_1_4_2","1_4_3_2","4_2_1_3"
"371","4_3_2_1","1_4_3_2","3_1_2_4"
"372","1_4_2_3","2_3_4_1","4_2_1_3"
"373","1_3_2_4","1_3_4_2","4_2_1_3"
"374","4_3_2_1","1_3_4_2","4_2_1_3"
"375","4_1_2_3","2_3_4_1","4_1_2_3"
"376","3_4_2_1","1_3_4_2","4_2_1_3"
"377","1_4_3_2","1_2_3_4","1_2_3_4"
"378","2_3_4_1","1_3_4_2","4_2_1_3"
"379","1_4_3_2","2_1_4_3","1_2_3_4"
"380","2_1_4_3","1_4_3_2","4_2_1_3"
"381","2_4_3_1","1_4_3_2","3_1_2_4"
"382","1_4_2_3","2_1_4_3","1_2_4_3"
"383","4_2_1_3","3_2_1_4","2_4_3_1"
"384","3_2_1_4","3_2_1_4","1_4_3_2"
"385","2_3_1_4","3_2_1_4","1_4_3_2"
"386","3_2_1_4","3_4_1_2","3_4_1_2"
"387","3_2_1_4","2_3_1_4","1_4_2_3"
"388","3_2_1_4","3_2_1_4","1_4_2_3"
"389","3_2_1_4","2_4_1_3","2_4_1_3"
"390","3_2_1_4","1_4_2_3","2_3_1_4"
"391","3_2_1_4","2_3_1_4","2_3_1_4"
"392","2_3_1_4","2_3_1_4","1_4_2_3"
"393","3_2_1_4","1_4_3_2","3_2_1_4"
"394","2_3_1_4","1_4_3_2","3_2_1_4"
"395","2_3_1_4","1_3_2_4","2_3_1_4"
"396","1_3_2_4","1_2_3_4","1_2_3_4"
"397","1_4_2_3","1_2_3_4","1_2_3_4"
"398","1_3_2_4","1_3_4_2","3_1_2_4"
"399","4_1_2_3","4_3_1_2","3_4_1_2"
"400","3_2_1_4","4_2_1_3","2_4_3_1"
"401","3_1_2_4","4_2_1_3","2_4_3_1"
"402","4_2_1_3","4_2_1_3","2_4_3_1"
"403","1_3_2_4","3_2_1_4","1_3_4_2"
"404","1_4_2_3","3_2_1_4","1_4_3_2"
"405","3_1_2_4","2_4_1_3","3_4_1_2"
"406","3_2_1_4","1_4_2_3","2_4_1_3"
"407","3_2_1_4","1_3_2_4","2_4_1_3"
"408","2_3_1_4","1_3_2_4","1_4_2_3"
"409","2_3_1_4","1_4_2_3","2_3_1_4"
"410","2_3_1_4","1_3_2_4","1_3_2_4"
"411","1_3_2_4","1_3_2_4","1_3_2_4"
"412","2_3_1_4","1_4_2_3","1_3_2_4"
"413","4_2_1_3","1_4_3_2","4_2_1_3"
"414","1_4_2_3","1_3_4_2","3_2_1_4"
"415","4_1_2_3","1_4_3_2","4_2_1_3"
"416","2_4_1_3","1_4_3_2","3_1_2_4"
"417","3_1_2_4","1_4_3_2","4_2_1_3"
"418","2_4_1_3","1_3_4_2","3_2_1_4"
"419","3_2_1_4","2_3_1_4","2_4_1_3"
"420","3_2_1_4","2_4_1_3","3_4_1_2"
"421","2_3_1_4","2_3_1_4","1_3_2_4"
"422","2_3_1_4","1_4_2_3","3_2_1_4"
"423","2_4_1_3","1_3_2_4","1_2_3_4"
"424","2_3_1_4","1_3_4_2","3_2_1_4"
"425","3_1_2_4","3_2_1_4","2_4_3_1"
"426","3_2_1_4","3_2_1_4","2_4_3_1"
"427","2_3_1_4","3_2_1_4","1_3_4_2"
"428","3_2_1_4","2_4_1_3","1_4_2_3"
"429","3_2_1_4","2_4_1_3","2_3_1_4"
"430","2_3_1_4","2_3_1_4","2_3_1_4"
"431","1_4_2_3","1_3_2_4","1_3_2_4"
"432","3_1_2_4","1_4_3_2","3_2_1_4"
"433","2_3_1_4","1_3_4_2","3_1_2_4"
"434","1_4_2_3","1_4_3_2","3_1_2_4"
"435","4_1_2_3","3_2_1_4","1_4_3_2"
"436","2_4_1_3","3_1_2_4","1_3_4_2"
"437","3_2_1_4","1_4_3_2","4_2_1_3"
"438","1_3_2_4","1_3_2_4","1_2_3_4"
"439","2_3_1_4","1_4_3_2","3_1_2_4"
"440","1_3_2_4","3_1_2_4","1_4_3_2"
"441","3_2_1_4","2_4_1_3","1_3_2_4"
"442","2_4_1_3","1_4_3_2","3_2_1_4"
"443","4_1_2_3","3_2_1_4","2_4_3_1"
"444","3_1_2_4","2_4_1_3","2_4_1_3"
"445","2_3_1_4","1_2_3_4","1_3_2_4"
"446","1_3_2_4","1_4_3_2","3_1_2_4"
"447","4_2_1_3","4_2_1_3","1_4_3_2"
"448","4_1_2_3","3_4_1_2","2_4_1_3"
"449","2_3_1_4","1_4_3_2","2_3_1_4"
"450","2_4_1_3","1_2_3_4","1_3_2_4"
"451","4_1_2_3","2_4_3_1","3_2_1_4"
"452","4_2_1_3","3_2_1_4","1_4_3_2"
"453","1_4_2_3","1_2_3_4","1_3_2_4"
"454","3_1_2_4","4_2_1_3","1_4_3_2"
"455","4_1_2_3","4_2_1_3","1_4_3_2"
"456","3_2_1_4","2_3_1_4","1_4_3_2"
"457","4_2_1_3","2_4_1_3","2_4_1_3"
"458","1_4_2_3","3_1_2_4","1_4_3_2"
"459","3_2_1_4","3_4_1_2","2_4_1_3"
"460","2_3_1_4","3_2_1_4","1_4_2_3"
"461","2_3_1_4","2_4_1_3","2_3_1_4"
"462","3_1_2_4","2_4_3_1","3_2_1_4"
"463","1_3_2_4","1_2_3_4","1_3_2_4"
"464","4_1_2_3","1_4_3_2","3_2_1_4"
"465","3_2_1_4","1_4_3_2","2_3_1_4"
"466","2_3_1_4","1_3_2_4","1_2_3_4"
"467","3_1_2_4","2_4_3_1","4_2_1_3"
"468","1_3_2_4","1_4_3_2","3_2_1_4"
"469","1_4_2_3","1_4_3_2","3_2_1_4"
"470","4_2_1_3","3_4_1_2","3_4_1_2"
"471","2_4_1_3","1_3_2_4","1_3_2_4"
"472","4_1_2_3","2_4_1_3","2_4_1_3"
"473","2_3_1_4","2_4_1_3","1_3_2_4"
"474","3_2_1_4","1_4_2_3","1_3_2_4"
"475","2_3_1_4","1_4_2_3","1_4_2_3"
"476","3_2_1_4","1_4_2_3","3_2_1_4"
"477","1_4_2_3","1_3_2_4","1_2_3_4"
"478","2_3_1_4","1_2_3_4","1_2_3_4"
"479","3_2_1_4","2_3_1_4","1_3_2_4"
"480","2_3_1_4","2_3_1_4","1_4_3_2"
"481","2_3_1_4","2_3_1_4","2_4_1_3"
"482","4_2_1_3","2_4_1_3","3_4_1_2"
"483","3_1_2_4","3_4_1_2","2_4_1_3"
"484","2_4_1_3","1_2_3_4","1_2_3_4"
"485","2_3_1_4","2_4_1_3","1_4_2_3"
"486","3_1_2_4","3_4_1_2","3_4_1_2"
"487","4_1_2_3","2_4_1_3","3_4_1_2"
"488","4_2_1_3","3_4_1_2","2_4_1_3"
"489","3_2_1_4","1_3_2_4","1_3_2_4"
"490","2_3_1_4","1_4_2_3","2_4_1_3"
"491","1_3_2_4","1_3_4_2","3_2_1_4"
"492","3_2_1_4","1_4_2_3","1_4_2_3"
"493","2_3_1_4","2_4_1_3","2_4_1_3"
"494","3_2_1_4","4_2_1_3","3_4_1_2"
"495","3_2_1_4","4_3_1_2","2_4_1_3"
"496","4_1_2_3","2_3_1_4","2_4_1_3"
"497","4_1_2_3","4_3_1_2","1_4_2_3"
"498","3_2_1_4","2_4_1_3","3_4_2_1"
"499","4_1_2_3","2_4_1_3","3_4_2_1"
"500","4_1_2_3","2_4_1_3","2_4_3_1"
"501","3_1_2_4","4_2_1_3","3_4_1_2"
"502","4_2_1_3","2_4_1_3","3_4_2_1"
"503","4_1_2_3","3_2_1_4","1_4_2_3"
"504","3_2_1_4","3_2_1_4","3_4_1_2"
"505","3_2_1_4","3_2_1_4","3_4_2_1"
"506","3_2_1_4","4_3_1_2","3_4_2_1"
"507","3_2_1_4","4_2_1_3","3_4_2_1"
"508","3_2_1_4","4_2_1_3","1_4_2_3"
"509","4_1_2_3","3_2_1_4","3_4_1_2"
"510","3_1_2_4","4_3_1_2","3_4_1_2"
"511","3_1_2_4","3_4_1_2","1_4_2_3"
"512","4_2_1_3","2_4_1_3","2_4_3_1"
"513","3_1_2_4","4_3_1_2","2_4_3_1"
"514","4_1_2_3","2_3_1_4","2_4_3_1"
"515","4_2_1_3","4_2_1_3","2_4_1_3"
"516","3_2_1_4","4_2_1_3","2_4_1_3"
"517","4_2_1_3","4_2_1_3","3_4_1_2"
"518","4_1_2_3","2_3_1_4","1_4_3_2"
"519","3_1_2_4","4_2_1_3","1_4_2_3"
"520","3_1_2_4","2_3_1_4","2_4_1_3"
"521","3_2_1_4","2_3_1_4","2_4_3_1"
"522","4_2_1_3","2_3_1_4","2_4_1_3"
"523","4_1_2_3","2_3_1_4","1_4_2_3"
"524","4_2_1_3","3_4_1_2","3_4_2_1"
"525","3_2_1_4","2_4_1_3","1_4_3_2"
"526","4_2_1_3","3_4_1_2","2_4_3_1"
"527","4_1_2_3","3_4_1_2","2_4_3_1"
"528","4_1_2_3","3_2_1_4","2_4_1_3"
"529","4_2_1_3","4_3_1_2","2_4_3_1"
"530","4_2_1_3","2_3_1_4","3_4_2_1"
"531","4_1_2_3","2_4_1_3","1_4_2_3"
"532","3_1_2_4","4_3_1_2","1_4_2_3"
"533","4_2_1_3","4_3_1_2","1_4_2_3"
"534","3_2_1_4","4_3_1_2","2_4_3_1"
"535","4_2_1_3","2_3_1_4","3_4_1_2"
"536","3_2_1_4","2_4_1_3","2_4_3_1"
"537","3_1_2_4","2_3_1_4","2_4_3_1"
"538","3_2_1_4","4_3_1_2","3_4_1_2"
"539","3_2_1_4","3_4_1_2","3_4_2_1"
"540","3_1_2_4","2_3_1_4","3_4_2_1"
"541","4_1_2_3","3_2_1_4","3_4_2_1"
"542","4_1_2_3","2_4_1_3","1_4_3_2"
"543","3_2_1_4","4_3_1_2","1_4_2_3"
"544","4_2_1_3","3_2_1_4","3_4_2_1"
"545","4_2_1_3","3_4_1_2","1_4_3_2"
"546","3_2_1_4","1_3_2_4","2_3_1_4"
"547","2_3_1_4","1_3_2_4","2_4_1_3"
"548","1_4_2_3","1_4_3_2","1_2_3_4"
"549","1_3_2_4","1_3_4_2","1_3_2_4"
"550","1_4_2_3","1_3_2_4","2_1_3_4"
"551","2_4_1_3","1_4_2_3","2_1_3_4"
"552","2_4_1_3","1_3_2_4","2_3_1_4"
"553","1_3_2_4","1_2_4_3","2_1_3_4"
"554","2_3_1_4","1_4_2_3","2_1_3_4"
"555","1_3_2_4","1_3_4_2","2_3_1_4"
"556","1_3_2_4","1_2_4_3","3_1_2_4"
"557","2_4_1_3","1_4_3_2","1_2_3_4"
"558","2_4_1_3","1_4_2_3","1_2_3_4"
"559","2_3_1_4","1_3_2_4","3_1_2_4"
"560","1_3_2_4","1_2_4_3","3_2_1_4"
"561","2_4_1_3","1_2_4_3","3_2_1_4"
"562","1_3_2_4","1_2_3_4","2_3_1_4"
"563","2_4_1_3","1_3_2_4","3_1_2_4"
"564","1_3_2_4","1_2_4_3","1_3_2_4"
"565","1_3_2_4","1_4_2_3","3_1_2_4"
"566","1_3_2_4","1_4_3_2","1_3_2_4"
"567","1_4_2_3","1_3_4_2","1_3_2_4"
"568","2_4_1_3","1_4_2_3","1_3_2_4"
"569","1_4_2_3","1_3_2_4","3_1_2_4"
"570","1_3_2_4","1_4_3_2","2_3_1_4"
"571","1_4_2_3","1_4_2_3","2_1_3_4"
"572","1_4_2_3","1_4_3_2","2_1_3_4"
"573","1_4_2_3","1_2_4_3","2_3_1_4"
"574","2_3_1_4","1_2_3_4","2_1_3_4"
"575","2_4_1_3","1_2_4_3","2_3_1_4"
"576","2_4_1_3","1_4_3_2","2_3_1_4"
"577","2_4_1_3","1_4_3_2","1_3_2_4"
"578","1_3_2_4","1_4_2_3","2_1_3_4"
"579","2_4_1_3","1_3_4_2","1_3_2_4"
"580","2_4_1_3","1_3_2_4","2_1_3_4"
"581","2_4_1_3","1_2_4_3","2_1_3_4"
"582","2_3_1_4","1_2_4_3","3_1_2_4"
"583","2_4_1_3","1_4_2_3","2_3_1_4"
"584","2_4_1_3","1_3_4_2","2_1_3_4"
"585","2_3_1_4","1_4_3_2","2_1_3_4"
"586","2_4_1_3","1_3_2_4","3_2_1_4"
"587","2_4_1_3","1_2_4_3","3_1_2_4"
"588","1_3_2_4","1_2_3_4","3_2_1_4"
"589","2_3_1_4","1_2_3_4","3_2_1_4"
"590","2_3_1_4","1_3_4_2","2_1_3_4"
"591","1_4_2_3","1_4_3_2","2_3_1_4"
"592","1_4_2_3","1_2_3_4","2_3_1_4"
"593","1_4_2_3","1_2_4_3","3_2_1_4"
"594","2_3_1_4","1_3_4_2","1_2_3_4"
"595","2_3_1_4","1_3_4_2","2_3_1_4"
"596","2_4_1_3","1_4_2_3","3_2_1_4"
"597","1_3_2_4","1_4_2_3","3_2_1_4"
"598","1_4_2_3","1_3_2_4","3_2_1_4"
"599","2_3_1_4","1_2_4_3","2_1_3_4"
"600","1_3_2_4","1_3_2_4","2_3_1_4"
"601","1_3_2_4","1_4_2_3","1_3_2_4"
"602","2_4_1_3","1_3_4_2","2_3_1_4"
